"Name","Gross Export","Share","Code","Sector"
"Horses","450939","0.00002613335386215513","0101","Agriculture"
"Bovine","45928532","0.002661704973677849","0102","Agriculture"
"Swine","340050208","0.01970699455261899","0103","Agriculture"
"Sheep","1311698","0.0000760170843379729","0104","Agriculture"
"Fowl","26460560","0.0015334738797726246","0105","Agriculture"
"Other live animals","53074772","0.003075852383203056","0106","Agriculture"
"Beef","44049000","0.002552780097250562","0201","Agriculture"
"Beef (frozen)","77695528","0.004502703750908619","0202","Agriculture"
"Pork","337478624","0.01955796305465972","0203","Agriculture"
"Lamb","80040616","0.004638609082986558","0204","Agriculture"
"Horse meat","167856","0.000009727790778544131","0205","Agriculture"
"Edible offal","6038046","0.00034992403130793817","0206","Agriculture"
"Poultry","415261344","0.02406571986017206","0207","Agriculture"
"Other meat","65387824","0.003789433033887776","0208","Agriculture"
"Pig and poultry fat","1074746","0.00006228495989465488","0209","Agriculture"
"Preserved meat","21329868","0.001236133907861283","0210","Agriculture"
"Live Fish","455952480","0.026423901024677857","0301","Agriculture"
"Fish, excluding fillets","166080928","0.009624919692417617","0302","Agriculture"
"Frozen fish, excluding fillets","1419597312","0.08227019374296798","0303","Agriculture"
"Fish fillets","3519832064","0.20398549884545772","0304","Agriculture"
"Preserved fish","354783296","0.020560824011118414","0305","Agriculture"
"Crustaceans","1106126976","0.06410358758121071","0306","Agriculture"
"Molluscs","1461095680","0.08467515657751087","0307","Agriculture"
"Milk","16372616","0.0009488453373453679","0401","Agriculture"
"Milk, concentrated","23530110","0.0013636449520787403","0402","Agriculture"
"Fermented milk products","2775040","0.0001608224223268224","0403","Agriculture"
"Whey","1646068","0.00009539489271313852","0404","Agriculture"
"Butter","10752540","0.0006231440011553171","0405","Agriculture"
"Cheese","1637915","0.00009492240034934174","0406","Agriculture"
"Eggs, in shell","123435848","0.007153501238657985","0407","Agriculture"
"Egg yolks","15290036","0.0008861063721547504","0408","Agriculture"
"Honey","180528160","0.010462182883635611","0409","Agriculture"
"Edible animal products, n.e.c.","33673100","0.0019514635858414017","0410","Agriculture"
"Human hair, unworked","9402088","0.0005448809988648629","0501","Agriculture"
"Brushmaking hair","107630528","0.006237532514585334","0502","Agriculture"
"Animal guts, except fish","799417984","0.04632882287769004","0504","Agriculture"
"Feathers and down","343511168","0.019907568227512412","0505","Agriculture"
"Bones, simply prepared","2915031","0.00016893534744644382","0506","Agriculture"
"Whalebone & horns","6349007","0.000367945213441951","0507","Agriculture"
"Coral and shells","8418338","0.0004878695475113647","0508","Agriculture"
"Sponges of animal origin","9029","5.232593588520813e-7","0509","Agriculture"
"Animal products used in pharmaceuticals","2967552","0.00017197910697532522","0510","Agriculture"
"Animal products n.e.c.","111259464","0.006447840934640183","0511","Agriculture"
"Flower bulbs","9184445","0.0005322678925808177","0601","Agriculture"
"Other live plants","110681424","0.00641434167228656","0602","Agriculture"
"Cut flowers","59923184","0.0034727397098477455","0603","Agriculture"
"Other parts of plants","51349948","0.0029758933290029584","0604","Agriculture"
"Potatoes","107501792","0.006230071852627068","0701","Agriculture"
"Tomatoes","49240348","0.0028536352778971495","0702","Agriculture"
"Onions, shallots, garlic","2477991936","0.14360753922604802","0703","Agriculture"
"Cabbages, cauliflowers, broccoli","247928832","0.014368266881522356","0704","Agriculture"
"Lettuce","28061546","0.001626256126742517","0705","Agriculture"
"Carrots & turnips","261100240","0.015131592001165636","0706","Agriculture"
"Cucumbers","17384570","0.0010074913004894368","0707","Agriculture"
"Legumes","48898016","0.002833796046217611","0708","Agriculture"
"Other vegetables","287953536","0.016687826185241963","0709","Agriculture"
"Frozen vegetables","776880832","0.04502272300994478","0710","Agriculture"
"Vegetables, provisionally preserved","177073536","0.01026197640015848","0711","Agriculture"
"Vegetables, dried","1675555712","0.09710379971005233","0712","Agriculture"
"Legumes, dried","837161728","0.04851619327154507","0713","Agriculture"
"Tubers","122370240","0.00709174585501997","0714","Agriculture"
"Cashew nuts & coconuts","4309135","0.00024972812241743974","0801","Agriculture"
"Other nuts","316993824","0.01837080353375894","0802","Agriculture"
"Bananas and plantains","6785914","0.00039326536813216983","0803","Agriculture"
"Avocados, pineapples, mangos, etc.","28900104","0.0016748532384315501","0804","Agriculture"
"Citrus fruit","616817408","0.03574653687439169","0805","Agriculture"
"Grapes","168453872","0.009762439368575763","0806","Agriculture"
"Melons and papayas","42088528","0.0024391644895678227","0807","Agriculture"
"Apples & pears","1047390080","0.06069959704605494","0808","Agriculture"
"Peaches & cherries","18936224","0.0010974146006555979","0809","Agriculture"
"Other fresh fruit","93035624","0.005391711259789933","0810","Agriculture"
"Fruits and nuts, frozen","224239712","0.012995406792590026","0811","Agriculture"
"Fruits and nuts, provisionally preserved","43794152","0.002538010842506434","0812","Agriculture"
"Fruits, dried","118637128","0.006875400103370505","0813","Agriculture"
"Peel of citrus fruit or melons","2066963","0.00011978710091383038","0814","Agriculture"
"Coffee","107429312","0.006225871405364957","0901","Agriculture"
"Tea","749906304","0.043459463044653215","0902","Agriculture"
"Mate","37357","0.000002164957345070019","0903","Agriculture"
"Pepper","239054432","0.013853967085952868","0904","Agriculture"
"Vanilla","168546","0.000009767778480128795","0905","Agriculture"
"Cinnamon","46113656","0.002672433500153442","0906","Agriculture"
"Cloves","502696","0.000029132837153339887","0907","Agriculture"
"Nutmeg","1405457","0.00008145071754504037","0908","Agriculture"
"Anise, fennel, etc.","41772072","0.0024208248546508998","0909","Agriculture"
"Spices","450045792","0.026081589608594205","0910","Agriculture"
"Wheat and meslin","11443782","0.000663203680602834","1001","Agriculture"
"Rye","146058","0.000008464527127612944","1002","Agriculture"
"Barley","6424600","0.0003723260689867185","1003","Agriculture"
"Oats","554409","0.00003212977050413374","1004","Agriculture"
"Corn","34874432","0.002021084608334312","1005","Agriculture"
"Rice","433822240","0.025141383005667706","1006","Agriculture"
"Grain sorghum","16312094","0.0009453378943376765","1007","Agriculture"
"Other cereals","75295384","0.004363607747963369","1008","Agriculture"
"Wheat or meslin flour","118570928","0.0068715636021460065","1101","Agriculture"
"Cereal flours","6012534","0.0003484455295067382","1102","Agriculture"
"Cereal meals","7914780","0.0004586867547076393","1103","Agriculture"
"Worked cereal grains","35824928","0.0020761688842841925","1104","Agriculture"
"Potato flour","6502497","0.0003768404486828643","1105","Agriculture"
"Flour of dried legumes","22378378","0.0012968984078446694","1106","Agriculture"
"Malt","118727168","0.00688061820866135","1107","Agriculture"
"Starches","205648224","0.011917970743084415","1108","Agriculture"
"Wheat gluten","56127228","0.0032527519478817786","1109","Agriculture"
"Soya beans","130076448","0.007538345196836426","1201","Agriculture"
"Peanuts","264910896","0.015352431675034927","1202","Agriculture"
"Copra","4445","2.5760193267222297e-7","1203","Agriculture"
"Linseed","5246809","0.0003040693225561335","1204","Agriculture"
"Rape or colza seeds","146818","0.000008508571552546777","1205","Agriculture"
"Sunflower seeds","199056384","0.011535952582484625","1206","Agriculture"
"Other oil seeds","180152624","0.01044041937421199","1207","Agriculture"
"Flours of oil seeds","26345206","0.0015267887474123382","1208","Agriculture"
"Seeds used for sowing","214681472","0.012441476287090601","1209","Agriculture"
"Hop cones","1202288","0.00006967642574322196","1210","Agriculture"
"Plants used in perfumery, pharmacy or insecticide","626663424","0.0363171449172987","1211","Agriculture"
"Seaweeds & edible vegetable products","535646848","0.03104244393129009","1212","Agriculture"
"Cereal straw and husks","23977972","0.001389599983973104","1213","Agriculture"
"Forage products","4515213","0.00026167100005101144","1214","Agriculture"
"Lac","23091544","0.001338228653045146","1301","Agriculture"
"Vegetable saps and extracts","605877440","0.03511253082260941","1302","Agriculture"
"Vegetable materials used for plaiting","50594496","0.0029321124751804394","1401","Agriculture"
"Vegetable materials used as stuffing","18702","0.000001083840572516516","1402","Agriculture"
"Vegetable products n.e.c.","37471092","0.0021715693405036382","1404","Agriculture"
"Pig and poultry fat, rendered","27468","0.0000015918582422138626","1501","Agriculture"
"Bovine, sheep and goat fats","1747507","0.00010127360642480052","1502","Agriculture"
"Lard oil, tallow oil etc.","47969","0.0000027799566048040187","1503","Agriculture"
"Fish oils","42033728","0.0024359886547173303","1504","Agriculture"
"Wool grease","39981656","0.0023170645347662497","1505","Agriculture"
"Other animal fats and oils","297776","0.000017257069314601545","1506","Agriculture"
"Soybean oil","72460752","0.004199331779096208","1507","Agriculture"
"Peanut oil","20615558","0.001194737364210643","1508","Agriculture"
"Olive oil","1202298","0.00006967700527512898","1509","Agriculture"
"Olive oil, blended","82876","0.0000048029286326531275","1510","Agriculture"
"Palm oil","10835335","0.0006279422355795233","1511","Agriculture"
"Sunflower seed oil","5041006","0.0002921423820500049","1512","Agriculture"
"Coconut & palm kernel oil","1306683","0.00007572644908660029","1513","Agriculture"
"Rapeseed, colza or mustard oil,","5327442","0.00030874226218204114","1514","Agriculture"
"Other vegetable fats and oils","84786776","0.00491366419857072","1515","Agriculture"
"Vegetable fats, hydrogenated","3915323","0.00022690546048054127","1516","Agriculture"
"Margarine","21503694","0.0012462076791883204","1517","Agriculture"
"Animal or vegetable fats and oils, processed","44322476","0.002568628904031095","1518","Agriculture"
"Stearic acid","71864896","0.0041648000226970315","1519","Agriculture"
"Glycerol","3660324","0.00021212745480461682","1520","Agriculture"
"Vegetable waxes and beeswax","39394020","0.0022830091535946465","1521","Agriculture"
"Degras and wax residues","399643","0.000023160586991884185","1522","Agriculture"
"Sausages","128614224","0.007453604650514782","1601","Agriculture"
"Other prepared or preserved meat","1301616256","0.07543281510532798","1602","Agriculture"
"Extracts and juices of meat or fish","15168620","0.0008790699275524263","1603","Agriculture"
"Prepared or preserved fish","1847792128","0.10708544957240035","1604","Agriculture"
"Prepared aquatic invertibrates","2127419904","0.12329077140061981","1605","Agriculture"
"Sugarcane & sucrose","68010200","0.003941408090309205","1701","Agriculture"
"Other sugars","457375712","0.026506381860187635","1702","Agriculture"
"Molasses","15107217","0.0008755114277837259","1703","Agriculture"
"Confectionery sugar","507094336","0.029387734758321172","1704","Agriculture"
"Cocoa beans","418859","0.00002427421550442174","1801","Agriculture"
"Cocoa residues","34433","0.000001995502215456165","1802","Agriculture"
"Cocoa paste","12192302","0.0007065828029074036","1803","Agriculture"
"Cocoa butter","45292736","0.0026248585668420176","1804","Agriculture"
"Cocoa powder","39623192","0.0022962904022143","1805","Agriculture"
"Chocolates","117695464","0.006820827670000909","1806","Agriculture"
"Malt extract","83741608","0.004853093378150661","1901","Agriculture"
"Pasta","612610240","0.03550271806497061","1902","Agriculture"
"Tapioca","7583771","0.0004395037270064245","1903","Agriculture"
"Cereal foods","182145872","0.010555934455673193","1904","Agriculture"
"Bakery products","313117216","0.018146141731056446","1905","Agriculture"
"Pickled fruits and vegetables","74541232","0.004319902233288763","2001","Agriculture"
"Tomatoes, prepared or preserved","791404288","0.04586440362517087","2002","Agriculture"
"Mushrooms, prepared or preserved","450114560","0.026085574933612434","2003","Agriculture"
"Other vegetables, frozen","234179776","0.013571465217176209","2004","Agriculture"
"Other vegetables, prepared or preserved","955233088","0.05535880531411825","2005","Agriculture"
"Vegetables, fruits and nuts, preserved by sugar","143934432","0.008341459586339405","2006","Agriculture"
"Jams, jellies and marmalades","67920560","0.00393621316629464","2007","Agriculture"
"Fruits and nuts, otherwise prepared","1805202688","0.10461725563417142","2008","Agriculture"
"Fruit juices","830020160","0.04810231661932682","2009","Agriculture"
"Coffee extracts","81727040","0.004736342734663683","2101","Agriculture"
"Yeasts","178295792","0.010332810035213648","2102","Agriculture"
"Sauces and seasonings","522425376","0.030276217443107482","2103","Agriculture"
"Soups and broths","50223852","0.0029106324727657348","2104","Agriculture"
"Ice cream","17714840","0.0010266315007827227","2105","Agriculture"
"Food preparations n.e.c.","720120256","0.04173326652463801","2106","Agriculture"
"Waters","336947168","0.019527163483741776","2201","Agriculture"
"Waters, flavored or sweetened","148913616","0.008630019186233805","2202","Agriculture"
"Beer","113623184","0.00658482605056729","2203","Agriculture"
"Wine","29843424","0.00172952164228495","2204","Agriculture"
"Wine, flavored","1157951","0.0000671069551270491","2205","Agriculture"
"Other fermented beverages","31378304","0.0018184728356302688","2206","Agriculture"
"Ethyl alcohol > 80%","120806264","0.007001108455637974","2207","Agriculture"
"Spirits < 80% alcohol","254010160","0.014720699242830277","2208","Agriculture"
"Vinegars","10672054","0.0006184795806484426","2209","Agriculture"
"Flours of fish, for animal feed","11063780","0.0006411813522295359","2301","Agriculture"
"Cereal residues","62462348","0.0036198923653644457","2302","Agriculture"
"Starch residues","171668512","0.009948738013535364","2303","Agriculture"
"Solid soybean residues","426172192","0.024698038315041096","2304","Agriculture"
"Solid peanut residues","749373","0.000043428556376238855","2305","Agriculture"
"Solid vegetable oil and fat residues","56126272","0.0032526965446314678","2306","Agriculture"
"Wine lees","8964","5.194924014564245e-7","2307","Agriculture"
"Vegetable materials for animal feeding","51961288","0.003011322432606971","2308","Agriculture"
"Animal feed","1086914176","0.06299014451888339","2309","Agriculture"
"Unmanufactured tobacco","665665600","0.038577445460835746","2401","Agriculture"
"Cigars and cigarettes","326177152","0.018903006692625745","2402","Agriculture"
"Other manufactured tobacco","93423656","0.005414198952284571","2403","Agriculture"
"Salt","86222944","0.004996894716555422","2501","Minerals"
"Unroasted iron pyrites","4760425","0.0002758818178495314","2502","Minerals"
"Sulphur, crude","7814471","0.00045287352810147104","2503","Minerals"
"Natural graphite","218158528","0.012642982776541568","2504","Minerals"
"Natural sands","75431792","0.004371513026800703","2505","Minerals"
"Quartz","29367160","0.0017019206238682563","2506","Minerals"
"Kaolin","88536464","0.005130970582309267","2507","Minerals"
"Clays","309012992","0.017908288854899024","2508","Minerals"
"Chalk","2686203","0.00015567403472439219","2509","Minerals"
"Natural calcium phosphates","117207232","0.00679253306779789","2510","Minerals"
"Natural barium sulfate","177464272","0.010284620798080778","2511","Minerals"
"Siliceous fossil meals and earths","5561359","0.00032229849869157734","2512","Minerals"
"Natural abrasives","18123650","0.0010503233446737758","2513","Minerals"
"Slate","8295556","0.00048075393885054114","2514","Minerals"
"Marble","25243980","0.0014629691870278836","2515","Minerals"
"Granite","72533928","0.004203572561779048","2516","Minerals"
"Gravel","79024600","0.004579727713981857","2517","Minerals"
"Dolomite","24095602","0.0013964170177954288","2518","Minerals"
"Natural magnesia","736987264","0.04271076345584113","2519","Minerals"
"Gypsum","19173628","0.0011111729199411134","2520","Minerals"
"Limstone","8144534","0.0004720017320842814","2521","Minerals"
"Quicklime","15441394","0.000894878051193086","2522","Minerals"
"Cements","738185856","0.04278022568659151","2523","Minerals"
"Asbestos","15140535","0.000877442312191549","2524","Minerals"
"Mica","26851548","0.0015561328818989794","2525","Minerals"
"Natural steatite","133114112","0.007714387517918277","2526","Minerals"
"Natural borates","1583932","0.00009179391325565343","2528","Minerals"
"Feldspar","162632272","0.0094250590735826","2529","Minerals"
"Mineral substances n.e.c.","169064512","0.009797827904946283","2530","Minerals"
"Iron ores and concentrates","6849128","0.0003969288211292322","2601","Minerals"
"Manganese > 47% by weight","24603956","0.001425877754101763","2602","Minerals"
"Copper ore","36777916","0.002131397579585303","2603","Minerals"
"Nickel ore","8363","4.846625338442746e-7","2604","Minerals"
"Cobalt ore","890415","0.000051602390299288506","2605","Minerals"
"Aluminum ore","288331552","0.016709733418578527","2606","Minerals"
"Lead ore","614703","0.00003562400018434499","2607","Minerals"
"Zinc ore","363914","0.000021089977441277694","2608","Minerals"
"Tin ore","515779","0.000029891038747299547","2609","Minerals"
"Chromium ore","1799487","0.00010428601327751193","2610","Minerals"
"Tungsten ore","5771949","0.0003345028611215984","2611","Minerals"
"Uranium ore","75299","0.000004363817306700949","2612","Minerals"
"Molybdenum ore","485981088","0.028164154670629847","2613","Minerals"
"Titanium ore","2575776","0.0001492744377346969","2614","Minerals"
"Zirconium ore","13688769","0.0007933078403382706","2615","Minerals"
"Precious metal ores","2420360","0.0001402675846484908","2616","Minerals"
"Other ores","3878574","0.00022477573867541833","2617","Minerals"
"Granulated iron or steel slag","14366079","0.0008325601159329215","2618","Minerals"
"Iron or steel slag","1991417","0.00011540896916902593","2619","Minerals"
"Slag, ash and residues containing metals","13018631","0.0007544712050273374","2620","Minerals"
"Other slag and ash","54889576","0.0031810260655025565","2621","Minerals"
"Coal","2482943488","0.14389449746337693","2701","Minerals"
"Lignite","2277947","0.00013201429690098816","2702","Minerals"
"Peat","5512093","0.0003194433767984323","2703","Minerals"
"Coke","1420945280","0.08234831278953274","2704","Minerals"
"Non-petroleum gases","1586189","0.00009192471360706876","2705","Minerals"
"Tar distilled from coal, lignite etc.","17678260","0.0010245115730668282","2706","Minerals"
"Oils etc. from high temperature coal tar","123704776","0.007169086474327204","2707","Minerals"
"Pitch and pitch coke","163427136","0.009471123978557082","2708","Minerals"
"Petroleum oils, crude","1680567168","0.09739422957531707","2709","Minerals"
"Petroleum oils, refined","15899538432","0.9214289828300304","2710","Minerals"
"Petroleum gases","1617049984","0.09371320609808487","2711","Minerals"
"Petroleum jelly","738302464","0.04278698349225294","2712","Minerals"
"Petroleum coke","746104064","0.04323911110483688","2713","Minerals"
"Bitumen and asphalt, natural","13309988","0.0007713562728108201","2714","Minerals"
"Bituminous mixtures","25415632","0.001472916968118334","2715","Minerals"
"Electrical energy","1160521600","0.06725592959906872","2716","Minerals"
"Iodine","6990343","0.00040511268095427334","2801","Chemicals"
"Sulfur, sublimed or precipitated","2031805","0.00011774958263511496","2802","Chemicals"
"Carbon","237228480","0.013748147341483417","2803","Chemicals"
"Silicon & rare gases","1905112320","0.11040733759047526","2804","Chemicals"
"Rare-earth metals","287886880","0.016683963257362506","2805","Chemicals"
"Hydrochloric acid","2014362","0.00011673870512969277","2806","Chemicals"
"Sulfiric acid, oleum","18606036","0.0010782791525239498","2807","Chemicals"
"Sulfonitric acids","1367737","0.00007926472319174539","2808","Chemicals"
"Phosphoric acid etc.","353085856","0.02046245194709251","2809","Chemicals"
"Oxides of boron; boric acids","7411212","0.00042950338237200697","2810","Chemicals"
"Other inorganic acids","570082880","0.03303812186082047","2811","Chemicals"
"Halides of nonmetals","43561648","0.0025245364938553602","2812","Chemicals"
"Sulfides of nonmetals","9766159","0.0005659800749570808","2813","Chemicals"
"Ammonia","4429979","0.00025673141779468205","2814","Chemicals"
"Sodium hydroxide","408546272","0.02367656001197563","2815","Chemicals"
"Hydroxides or peroxides of magnesium","22242914","0.001289047836819358","2816","Chemicals"
"Zinc oxide or peroxide","29425626","0.0017053089151158635","2817","Chemicals"
"Aluminum oxide","570425920","0.03305800212335902","2818","Chemicals"
"Chromium oxides and hydroxides","48069476","0.0027857795095930344","2819","Chemicals"
"Manganese oxides","88584168","0.005133735181318535","2820","Chemicals"
"Iron oxides and hydroxides","303236672","0.01757353268038087","2821","Chemicals"
"Cobalt oxides and hydroxides","108434528","0.006284126879910073","2822","Chemicals"
"Titanium oxides","121240888","0.007026296303193819","2823","Chemicals"
"Lead oxides","6714888","0.00038914918480934034","2824","Chemicals"
"Metal base oxides, n.e.c.","884705728","0.05127151977030056","2825","Chemicals"
"Flourides","210913712","0.01222312257328968","2826","Chemicals"
"Chlorides, bromides, iodides etc.","352296992","0.020416734761262243","2827","Chemicals"
"Hyopchlorites","101801736","0.005899735420244638","2828","Chemicals"
"Sodium chlorate","83536160","0.0048411870110272315","2829","Chemicals"
"Sulfides; polysulfides","88388632","0.005122403246221348","2830","Chemicals"
"Dithionites and sulfoxylates","108922064","0.006312381146692365","2831","Chemicals"
"Sulfites","65347284","0.0037870836115367","2832","Chemicals"
"Sulfates","665708608","0.03857993791166148","2833","Chemicals"
"Nitrites, nitrates","123268064","0.007143777620509172","2834","Chemicals"
"Phosphates","804789504","0.04664011960061186","2835","Chemicals"
"Carbonates","643680128","0.037303317209337196","2836","Chemicals"
"Cyanides","76536192","0.004435516530612448","2837","Chemicals"
"Fulminates, cyanates and thiocyanates","29234","0.000001694203576994323","2838","Chemicals"
"Silicates","123698768","0.007168738291557463","2839","Chemicals"
"Borates","25423678","0.0014733832594907258","2840","Chemicals"
"Salts of oxometallic acids","385031808","0.02231382179551862","2841","Chemicals"
"Other salts of acids","77008528","0.004462889908896062","2842","Chemicals"
"Compounds of precious metals","351773184","0.020386378416346794","2843","Chemicals"
"Uranium","12423052","0.0007199555016619854","2844","Chemicals"
"Non-radioactive isotopes","6564474","0.0003804322135830277","2845","Chemicals"
"Compounds of rare-earth metals","735808064","0.04264242505336484","2846","Chemicals"
"Hydrogen peroxide","5924999","0.00034337259695860255","2847","Chemicals"
"Phosphides","7494422","0.00043432566737035467","2848","Chemicals"
"Carbides","696020544","0.0403366113192288","2849","Chemicals"
"Hydrides, nitrides, azides, silicides and borides","51400632","0.002978830628520519","2850","Chemicals"
"Inorganic compounds, liquid or compressed air","38262060","0.002217408459847144","2851","Chemicals"
"Acyclic hydrocarbons","329151776","0.01907539564456572","2901","Chemicals"
"Cyclic hydrocarbons","632859584","0.036676232159401356","2902","Chemicals"
"Halogenated derivatives of hydrocarbons","1372623360","0.07954790334466602","2903","Chemicals"
"Sulfonated, nitrated derivatives of hydrocarbons","134709968","0.007806872465019867","2904","Chemicals"
"Acyclic alcohols","532556416","0.03086334353624125","2905","Chemicals"
"Cyclic alcohols","292851296","0.01697166700453661","2906","Chemicals"
"Phenols, phenol-alcohols","285833152","0.01656494316692762","2907","Chemicals"
"Derivatives of phenols","86843520","0.005032859075828762","2908","Chemicals"
"Ethers","714799616","0.04142491846005913","2909","Chemicals"
"Epoxides","59942628","0.0034738665516877627","2910","Chemicals"
"Acetals and hemiacetals","7289866","0.000422470994493032","2911","Chemicals"
"Aldehydes","313600736","0.018174163257824876","2912","Chemicals"
"Derivatives of aldehydes","21032326","0.0012188903995933057","2913","Chemicals"
"Ketones and quinones","741025216","0.042944775658144314","2914","Chemicals"
"Saturated acyclic monocarboxylic acids","950140864","0.055063694685546845","2915","Chemicals"
"Unsaturated acyclic monocarboxylic acids","1182804096","0.06854727133908246","2916","Chemicals"
"Polycarboxylic acids","826278400","0.047885469688484165","2917","Chemicals"
"Carboxylic acids with additional oxygen function","1592078080","0.09226600458337053","2918","Chemicals"
"Phosporic esters","231546256","0.013418844330397592","2919","Chemicals"
"Esters of other inorganic acids of nonmetals","147522960","0.008549426233864352","2920","Chemicals"
"Amine-function compounds","1141023104","0.0661259295419705","2921","Chemicals"
"Oxygen-function amino-compounds","1536785408","0.08906161781850859","2922","Chemicals"
"Quaternary ammonium salts and hydroxides","113313872","0.006566900433244744","2923","Chemicals"
"Carboxyamide-function compounds","1032768704","0.05985224165439526","2924","Chemicals"
"Carboxyimide-function compounds","215249056","0.012474369590882236","2925","Chemicals"
"Nitrile-function compounds","383541696","0.02222746505061467","2926","Chemicals"
"Diazo-, azo-, or azoxy-compounds","178484688","0.010343757161124572","2927","Chemicals"
"Organix derivatives of hydrazine","52392608","0.0030363188028207358","2928","Chemicals"
"Isocyanates","290331520","0.01682563794548125","2929","Chemicals"
"Organo-sulfur compounds","942589120","0.05462604702537906","2930","Chemicals"
"Other organo-inorganic compounds","1237221248","0.07170091892642062","2931","Chemicals"
"Heterocyclic compounds with oxygen hetero-atom(s) only","1595014016","0.0924361514422686","2932","Chemicals"
"Heterocyclic compounds with nitrogen hetero-atom(s) only","3531443200","0.20465840122433737","2933","Chemicals"
"Nucleic acids and their salts","1143065984","0.06624432095619263","2934","Chemicals"
"Sulfonamides","387666272","0.022466497390109263","2935","Chemicals"
"Vitamins","2188463872","0.12682846411935575","2936","Chemicals"
"Hormones","496087904","0.028749876905672038","2937","Chemicals"
"Glycosides","343916192","0.019931040660623463","2938","Chemicals"
"Vegetable alkaloids","147740096","0.00856200995788071","2939","Chemicals"
"Other sugars, chemically pure","59340424","0.0034389669084340076","2940","Chemicals"
"Antibiotics","2828317696","0.16391003480329555","2941","Chemicals"
"Other organic compounds","197149984","0.011425470619729546","2942","Chemicals"
"Heparin for therapeutic use","1364197120","0.07905957585104172","3001","Chemicals"
"Serums and vaccines","153946480","0.008921689713405111","3002","Chemicals"
"Medicaments, not packaged","343829120","0.019925994560402626","3003","Chemicals"
"Medicaments, packaged","1111541504","0.06441737675495826","3004","Chemicals"
"Wadding, gauze and bandages","905854144","0.05249713795580251","3005","Chemicals"
"Pharmaceutical goods","350484512","0.020311695762177936","3006","Chemicals"
"Animal or vegetable fertilizers","33950476","0.001967538410065674","3101","Chemicals"
"Nitrogenous fertilizers","2251601664","0.13048750061966102","3102","Chemicals"
"Phosphatic fertilizers","488122496","0.028288256096825518","3103","Chemicals"
"Potassic fertilizers","57654016","0.003341234184007934","3104","Chemicals"
"Mixed fertilizers","2494253824","0.1445499675224933","3105","Chemicals"
"Vegetable tanning extracts","7311697","0.00042373617059925637","3201","Chemicals"
"Synthetic tanning substances","39160948","0.002269501887531254","3202","Chemicals"
"Coloring matter of animal or vegetable origin","37996180","0.0022019998655031865","3203","Chemicals"
"Synthetic organic coloring matter","2272884480","0.13172090771399336","3204","Chemicals"
"Color lakes","6510737","0.00037731798297425213","3205","Chemicals"
"Other coloring matter","695716288","0.040318978713238446","3206","Chemicals"
"Prepared pigments","282344352","0.016362756075205043","3207","Chemicals"
"Paints and varnishes, nonaqueous","370607872","0.02147790868183123","3208","Chemicals"
"Paints and varnishes, aqueous","64185564","0.0037197582308338933","3209","Chemicals"
"Other paints and varnishes","20320918","0.001177662036102084","3210","Chemicals"
"Prepared driers","7786280","0.0004512397697023794","3211","Chemicals"
"Pigments, nonaqueous","71999864","0.004172621848939755","3212","Chemicals"
"Artists' colors","139329248","0.008074574479767706","3213","Chemicals"
"Glaziers' putty","82665864","0.0047907505809716856","3214","Chemicals"
"Ink","260850752","0.015117133375523674","3215","Chemicals"
"Essential oils","227333008","0.013174673165577036","3301","Chemicals"
"Mixtures of odoriferous subtances","221251920","0.012822254713034883","3302","Chemicals"
"Perfumes","130934432","0.007588068107208044","3303","Chemicals"
"Make-up preparations","1047801216","0.06072342368906757","3304","Chemicals"
"Hair products","183719024","0.010647103633533075","3305","Chemicals"
"Dental hygiene products","194598800","0.011277621366860604","3306","Chemicals"
"Toiletries","623214912","0.03611729264372314","3307","Chemicals"
"Soap","266650896","0.015453270226857127","3401","Chemicals"
"Cleaning products","930716352","0.05393798223730955","3402","Chemicals"
"Lubricants","106537616","0.006174194777028378","3403","Chemicals"
"Artificial and prepared waxes","31944496","0.001851285468580449","3404","Chemicals"
"Polishes and creams","70226024","0.004069822161144187","3405","Chemicals"
"Candles","521233536","0.030207146512300723","3406","Chemicals"
"Modeling pastes","130570776","0.007566993081689967","3407","Chemicals"
"Casein","22260006","0.0012900383727548433","3501","Chemicals"
"Albumins","1651429","0.00009570557976849415","3502","Chemicals"
"Gelatin","63249492","0.0036655098717067055","3503","Chemicals"
"Peptones","327106368","0.01895685772467748","3504","Chemicals"
"Dextrins and other modified starches","97809992","0.005668401118977428","3505","Chemicals"
"Glues and adhesives","917571776","0.0531762121176792","3506","Chemicals"
"Enzymes","251833232","0.014594539319300857","3507","Chemicals"
"Propellant powders","4662817","0.0002702251228114503","3601","Chemicals"
"Prepared explosives, except gunpowder","29766152","0.0017250434833329933","3602","Chemicals"
"Detonators","40886440","0.002369499654462741","3603","Chemicals"
"Fireworks","561798016","0.03255798755748491","3604","Chemicals"
"Matches","6999019","0.0004056154828368075","3605","Chemicals"
"Ferrocerium and other pyrophoric alloys","20092282","0.0011644118503926473","3606","Chemicals"
"Photographic plates","492494048","0.02854160148354703","3701","Chemicals"
"Photographic film in rolls","89734032","0.005200373468992374","3702","Chemicals"
"Photographic paper","127312616","0.007378172313870996","3703","Chemicals"
"Photographic film, not developed","1585393","0.00009187858286726964","3704","Chemicals"
"Photographic film, developed","12996106","0.0007531658094067655","3705","Chemicals"
"Motion-picture film","1151149","0.00006671275752389128","3706","Chemicals"
"Chemical preparations for photographic uses","334955264","0.019411726291368878","3707","Chemicals"
"Artificial graphite","259066704","0.015013742101557415","3801","Chemicals"
"Activated carbon","286074560","0.016578933530788705","3802","Chemicals"
"Tall oil","282320","0.000016361344799105057","3803","Chemicals"
"Residual lyes","25076614","0.0014532697933127836","3804","Chemicals"
"Turpentines","27412432","0.0015886378993129112","3805","Chemicals"
"Rosin and resin acids","795358784","0.0460935792859908","3806","Chemicals"
"Wood tar and oils","2826588","0.00016380979340115034","3807","Chemicals"
"Insecticides, rodenticides, fungicides, etc.","1865106432","0.1080888687339919","3808","Chemicals"
"Finishing agents","175089520","0.010146996342553843","3809","Chemicals"
"Pickling preparations for metal surfaces","59726380","0.003461334290104748","3810","Chemicals"
"Anti-knock","81566232","0.00472702339797321","3811","Chemicals"
"Stabilizers for rubber or plastic","357311936","0.02070736676725616","3812","Chemicals"
"Preparations for fire extinguishers","17748424","0.0010285778007392726","3813","Chemicals"
"Organic composite solvents and thinners","46253680","0.002680548337728357","3814","Chemicals"
"Catalytic preparations","407883776","0.023638166254948047","3815","Chemicals"
"Refractory cements","211135152","0.01223595572783882","3816","Chemicals"
"Mixed alkylbenzenes","59464720","0.0034461702582255544","3817","Chemicals"
"Chemical elements for electronics","2445358080","0.14171630314592495","3818","Chemicals"
"Hydraulic fluids","5843275","0.0003386364304016386","3819","Chemicals"
"Antifreezing preparation","8931967","0.0005176359868986541","3820","Chemicals"
"Prepared culture media for micro-organisms","2817692","0.0001632942418166617","3821","Chemicals"
"Diagnostic or laboratory reagents","176014192","0.010200584035307025","3822","Chemicals"
"Industrial monocarboxylic fatty acids","2089834240","0.121112562247151","3823","Chemicals"
"Polymers of ethylene","548879872","0.03180933989473169","3901","Chemicals"
"Polymers of propylene","179530176","0.010404346526565654","3902","Chemicals"
"Polymers of styrene","684582592","0.03967374550572776","3903","Chemicals"
"Polymers of vinyl chloride","545342720","0.03160435065033227","3904","Chemicals"
"Polymers of vinyl acetate","148110608","0.008583482310474242","3905","Chemicals"
"Acrylic polymers","432686272","0.025075550035531868","3906","Chemicals"
"Polyacetals","2840563712","0.16461973050388837","3907","Chemicals"
"Polyamides","454615008","0.02634639025480272","3908","Chemicals"
"Amino-resins","628747008","0.03643789525819519","3909","Chemicals"
"Silicones in primary forms","175738176","0.010184588027422108","3910","Chemicals"
"Petroleum resins","229453200","0.013297545056878765","3911","Chemicals"
"Cellulose n.e.c.","317658272","0.018409310415414777","3912","Chemicals"
"Natural polymers","322476640","0.01868855021499318","3913","Chemicals"
"Ion-exchangers based on polymers","139569056","0.00808847211852367","3914","Chemicals"
"Plastic waste","50403764","0.002921058947211387","3915","Chemicals"
"Monofilament","210582032","0.012203900658997503","3916","Chemicals"
"Plastic tubes and fittings","1137017088","0.06589376813276558","3917","Chemicals"
"Plastic floor coverings","1067263232","0.06185130961376897","3918","Chemicals"
"Self-adhesive plastic sheets","1435733504","0.08320533755515472","3919","Chemicals"
"Other plates of plastics, noncellular and not reinforced","2860894208","0.16579794761565098","3920","Chemicals"
"Other plastic plates, sheets etc.","927699328","0.0537631360700838","3921","Chemicals"
"Baths, sinks etc.","520327840","0.030154658539294308","3922","Chemicals"
"Packing lids","5142685696","0.29803504486285626","3923","Chemicals"
"Plastic household articles","3878271488","0.22475820713979255","3924","Chemicals"
"Plastic builders' ware","1125646336","0.06523479677367974","3925","Chemicals"
"Other articles of plastic","10111493120","0.5859932890694906","3926","Chemicals"
"Natural rubber","87502288","0.005071036783361409","4001","Chemicals"
"Synthetic rubber","569277696","0.03299145887891793","4002","Chemicals"
"Reclaimed rubber","61063052","0.003538798697427323","4003","Chemicals"
"Scrap of rubber","5080191","0.000294413277827679","4004","Chemicals"
"Compounded rubber","47640948","0.002760944944687711","4005","Chemicals"
"Unvulcanized rubber rods","12336480","0.0007149383780364961","4006","Chemicals"
"Vulcanized rubber thread and cord","44672320","0.00258890348007919","4007","Chemicals"
"Vulcanized rubber plates","198544688","0.011506298166614963","4008","Chemicals"
"Vulcanized rubber tubes","506369216","0.02934571174067904","4009","Chemicals"
"Conveyor belts of vulcanized rubber","516602496","0.029938762968030223","4010","Chemicals"
"New pneumatic tires of rubber","9745948672","0.5648088219643385","4011","Chemicals"
"Used pneumatic tires of rubber","153457792","0.008893368684547131","4012","Chemicals"
"Rubber inner tubes","424599008","0.024606867282679114","4013","Chemicals"
"Rubber hygenic or pharmeceutical items","80572728","0.0046694466711976","4014","Chemicals"
"Vulcanized rubber articles of apparel","424705440","0.024613035356671954","4015","Chemicals"
"Other articles of vulcanized rubber","1479581440","0.0857464653520699","4016","Chemicals"
"Hard rubber","35735556","0.0020709894917247365","4017","Chemicals"
"Raw hides of bovines or equines","8054297","0.0004667722100148678","4101","Agriculture"
"Raw skins of sheep or lambs","1655653","0.00009595037404602113","4102","Agriculture"
"Other raw hides and skins","6342548","0.00036757089378320414","4103","Agriculture"
"Tanned hides of bovines or equines","267642960","0.015510763501038125","4104","Agriculture"
"Tanned sheepskins","29158646","0.0016898365722621336","4105","Agriculture"
"Tanned skins of other animals","13349491","0.0007736455977031376","4106","Agriculture"
"Bovine leather further prepared","121924168","0.007065894559336963","4107","Agriculture"
"Chamois leather","2660511","0.00015418510134886584","4108","Agriculture"
"Patent leather","25617522","0.0014846171377892443","4109","Agriculture"
"Waste of leather","2464180","0.0001428070934650705","4110","Agriculture"
"Composition leather","5025358","0.0002912355305218936","4111","Agriculture"
"Saddlery and harnesses","329588224","0.019100689198741406","4201","Agriculture"
"Trunks or cases","19283572736","1.1175445681932477","4202","Agriculture"
"Leather apparel","2355992576","0.13653728705039575","4203","Agriculture"
"Articles of leather for technical uses","30235","0.0000017522147208874379","4204","Agriculture"
"Other articles of leather","310233088","0.017978997311062277","4205","Agriculture"
"Articles of gut","3601492","0.00020871795268921249","4206","Agriculture"
"Other raw furskins","5566830","0.0003226155605979102","4301","Agriculture"
"Other tanned furskins","424295200","0.024589260639718193","4302","Agriculture"
"Furskin apparel","1584512896","0.09182757803231968","4303","Agriculture"
"Artificial fur","19084544","0.0011060102179005797","4304","Agriculture"
"Fuel wood","8813256","0.00051075630567718","4401","Agriculture"
"Wood charcoal","44171888","0.0025599018489496","4402","Agriculture"
"Wood in the rough","31662024","0.001834915314896357","4403","Agriculture"
"Strips and other pieces of wood","5263341","0.0003050274047048258","4404","Agriculture"
"Wood wool or flour","1515400","0.00008782226519043569","4405","Agriculture"
"Wooden railway ties","1622936","0.00009405431950581031","4406","Agriculture"
"Wood sawn lengthwise","344220640","0.019948684393626435","4407","Agriculture"
"Sheets for veneering for plywood","253393264","0.014684948151298723","4408","Agriculture"
"Wood shaped along its edges","673589632","0.039036668398463766","4409","Agriculture"
"Particle board and similar board","60001156","0.003477258436033194","4410","Agriculture"
"Fiberboard of wood","1043404608","0.06046862622719982","4411","Agriculture"
"Plywood","3064872448","0.17761913745751343","4412","Agriculture"
"Densified wood","21555656","0.0012492190428835992","4413","Agriculture"
"Wooden frames","423858112","0.024563929995500458","4414","Agriculture"
"Packing boxes","44516612","0.0025798797046612987","4415","Agriculture"
"Casks, barrels, etc. of wood","2849551","0.00016514057251924984","4416","Agriculture"
"Wooden tools","26121282","0.0015138116371374915","4417","Agriculture"
"Wood carpentry for construction","1198004480","0.06942818209178436","4418","Agriculture"
"Wooden kitchenware","415543040","0.02408204504218017","4419","Agriculture"
"Wood marquetry, ornaments, etc.","627130304","0.03634420210297384","4420","Agriculture"
"Other articles of wood","1525502976","0.08840776488522559","4421","Agriculture"
"Natural cork, raw","3414969","0.00019790834969982645","4501","Agriculture"
"Natural cork, debacked","2226449","0.00012902982348619532","4502","Agriculture"
"Articles of natural cork","6774546","0.00039260655626026483","4503","Agriculture"
"Agglomerated cork","31718722","0.0018382011449028027","4504","Agriculture"
"Products of plaiting materials","373773824","0.021661385701841913","4601","Agriculture"
"Basketwork","1004311104","0.0582030329346623","4602","Agriculture"
"Mechanical woodpulp","351923","0.000020395060731565068","4701","Agriculture"
"Chemical woodpulp, dissolving grade","1635125","0.00009476071094728201","4702","Agriculture"
"Chemical woodpulp, soda or sulfate","23969822","0.0013891276654688794","4703","Agriculture"
"Chemical woodpulp, sulfite","2431247","0.00014089852103566796","4704","Agriculture"
"Semichemical woodpulp","1185428","0.00006869933494797929","4705","Agriculture"
"Pulps of recovered paper fibers","123965512","0.007184196957458189","4706","Agriculture"
"Paper waste","5439449","0.0003152334252130462","4707","Agriculture"
"Newsprint","70069296","0.00406073927347178","4801","Agriculture"
"Paper used for graphic purposes","672752640","0.03898816204147137","4802","Agriculture"
"Tissue","102752088","0.005954811350935057","4803","Agriculture"
"Uncoated kraft paper and paperboard","103246368","0.005983456454035445","4804","Agriculture"
"Other uncoated paper and paperboard","127682248","0.007399593667656709","4805","Agriculture"
"Transparent paper","35556292","0.002060600570946659","4806","Agriculture"
"Uncoated composite paper","9466124","0.0005485920893846825","4807","Agriculture"
"Corrugated paper and paperboard","37754344","0.0021879846976764782","4808","Agriculture"
"Carbon paper","141628560","0.00820782694658805","4809","Agriculture"
"Paper and paperboard, coated with kaolin","1837680640","0.1064994565800512","4810","Agriculture"
"Cellulose wadding, coated","663536256","0.03845404318193271","4811","Agriculture"
"Filter blocks of paper pulp","2426031","0.00014059623719296416","4812","Agriculture"
"Cigarette paper","41568108","0.002409004490062473","4813","Agriculture"
"Wallpaper","118471112","0.006865778946462854","4814","Agriculture"
"Floor coverings of paper","8002","4.6374143200070373e-7","4815","Agriculture"
"Other carbon paper","21917354","0.0012701805960542805","4816","Agriculture"
"Letterstock","116663656","0.006761031104208635","4817","Agriculture"
"Toilet paper","1130708736","0.06552817900629163","4818","Agriculture"
"Cardboard packing containers","2090840320","0.12117086779325288","4819","Agriculture"
"Notebooks","1292072448","0.07487972098027679","4820","Agriculture"
"Paper labels","459944448","0.026655248307459786","4821","Agriculture"
"Bobbins, spools, cops of paper","14460332","0.000838022378016196","4822","Agriculture"
"Other paper cut to size","999966080","0.05795122493018373","4823","Agriculture"
"Books, brochures etc.","1559866752","0.09039925534900857","4901","Agriculture"
"Newspapers, journals and periodicals","28499386","0.0016516303517596612","4902","Agriculture"
"Children's books","420857728","0.024390048169367993","4903","Agriculture"
"Music, printed or in manuscript","1601128","0.0000927904763229721","4904","Agriculture"
"Maps","28737004","0.0016654010730279868","4905","Agriculture"
"Architectural, engineering, etc. drawings","11917219","0.000690640865349412","4906","Agriculture"
"Unused stamps","42898324","0.0024860947515858733","4907","Agriculture"
"Transfers (decalcomanias)","89285496","0.005174379376647477","4908","Agriculture"
"Printed or illustrated postcards","507944256","0.029436990334162964","4909","Agriculture"
"Calendars","126661424","0.007340433659711111","4910","Agriculture"
"Other printed matter","647484864","0.03752381380031754","4911","Agriculture"
"Silkworm cocoons","1036090","0.00006004472135486242","5001","Textiles"
"Raw silk","328102016","0.019014558703093952","5002","Textiles"
"Silk waste","26236878","0.0015205107941699274","5003","Textiles"
"Silk yarn","162684848","0.009428106020536968","5004","Textiles"
"Yarn from silk waste","92818568","0.0053791321720288296","5005","Textiles"
"Silk yarn, for retail sale","5148576","0.00029837640677386344","5006","Textiles"
"Woven silk fabrics","904107392","0.05239590810403669","5007","Textiles"
"Wool","54070336","0.003133548493551513","5101","Textiles"
"Animal hair","185996688","0.010779101529681093","5102","Textiles"
"Wool or animal hair waste","20273948","0.0011749399747347916","5103","Textiles"
"Garnetted stock of wool or animal hair","1995264","0.00011563191509365811","5104","Textiles"
"Wool, combed","549039232","0.031818575315202026","5105","Textiles"
"Yarn of carded wool, not for retail sale","125907624","0.007296748544559631","5106","Textiles"
"Yarn of combed wool, not for retail sale","522006496","0.03025194201058606","5107","Textiles"
"Yarn of animal hair, not for retail sale","304743040","0.017660831512352877","5108","Textiles"
"Yarn of wool or animal hair, for retail sale","28981154","0.001679550344537981","5109","Textiles"
"Yarn of coarse animal hair or of horsehair","1715766","0.00009943411419871526","5110","Textiles"
"Woven fabrics of carded wool","171368336","0.009931341856563077","5111","Textiles"
"Woven fabrics of combed wool","334704768","0.019397209248910686","5112","Textiles"
"Woven fabrics of coarse animal hair","8926190","0.0005173011913159662","5113","Textiles"
"Raw cotton","14896194","0.0008632819716221309","5201","Textiles"
"Cotton waste","6019058","0.00034882361612288075","5202","Textiles"
"Cotton, carded or combed","10007483","0.0005799655707501498","5203","Textiles"
"Cotton sewing thread","24875216","0.0014415981366116993","5204","Textiles"
"Cotton yarn of > 85%","1887640192","0.1093947720245143","5205","Textiles"
"Cotton yarn of < 85%","352987200","0.020456734517110574","5206","Textiles"
"Cotton yarn for retail sale","21865224","0.0012671594962229637","5207","Textiles"
"Woven fabrics of cotton of > 85% weighing < 200 g/m2","6763265024","0.39195278770682757","5208","Textiles"
"Woven fabrics of cotton of < 85% weighing > 200 g/m2","2178434048","0.12624720381637214","5209","Textiles"
"Woven fabrics of cotton of < 85% weighing < 200 g/m2","785233984","0.045506814820767016","5210","Textiles"
"Woven fabrics of cotton of < 85% weighing > 200 g/m2","680328320","0.039427196869211825","5211","Textiles"
"Other woven cotton fabrics","188796464","0.010941357482133129","5212","Textiles"
"Flax, raw or processed","4878970","0.00028275187884134885","5301","Textiles"
"Hemp fiber","1064148","0.00006167077197959071","5302","Textiles"
"Textile bast fibers","1254595","0.00007270778328929304","5303","Textiles"
"Sisal and agave fibers","18082","0.0000010479095942810204","5304","Textiles"
"Vegetable textile fibers","9249671","0.0005360479473975733","5305","Textiles"
"Flax yarn","146286560","0.00847777290887989","5306","Textiles"
"Yarn of textile bast fibers","1775879","0.00010291785435140938","5307","Textiles"
"Yarn of other vegetable textile fibers","68789264","0.0039865573348705895","5308","Textiles"
"Woven fabrics of flax","344377600","0.019957780726439084","5309","Textiles"
"Woven fabrics of jute or of other textile bast fibers","7679131","0.0004450301432718066","5310","Textiles"
"Woven fabrics of vegetable textile fibers","244431520","0.01416558649224052","5311","Textiles"
"Synthetic sowing thread","256743456","0.014879102467164418","5401","Textiles"
"Synthetic filament yarn","2448670720","0.14190828120357338","5402","Textiles"
"Artificial filament yarn","479097952","0.027765254977391202","5403","Textiles"
"Synthetic monofilament >67 dtex, thickness < 1mm","91409056","0.005297446454295491","5404","Textiles"
"Artificial monofilament >67dtex t<1mm, strip, straws t<5mm","1661757","0.00009630412032206867","5405","Textiles"
"Synthetic filament yarn for retail sale","22884512","0.001326230488067644","5406","Textiles"
"Woven fabrics of synthetic filament yarn","6447417856","0.37364843654690666","5407","Textiles"
"Woven fabrics of artificial filament yarn","168847632","0.009785259016946744","5408","Textiles"
"Synthetic filament tow","47715656","0.002765274511658707","5501","Textiles"
"Artificial filament tow","13688533","0.0007932941633852648","5502","Textiles"
"Synthetic staple fibers","822381120","0.047659609877423466","5503","Textiles"
"Artificial staple fibers, not processed for spinning","246934416","0.014310637301436828","5504","Textiles"
"Waste of man-made fibers","7260252","0.00042075476870357076","5505","Textiles"
"Synthetic staple fibers, processed","27453168","0.0015909986804893649","5506","Textiles"
"Artificial staple fibers, processed","1714100","0.00009933756418300503","5507","Textiles"
"Synthetic staple fibers sewing thread","472596192","0.027388457240209888","5508","Textiles"
"Yarn of synthetic staple fibers, not for retail sale","1040028544","0.060272972546384265","5509","Textiles"
"Yarn of artificial staple fibers, not for retail sale","233562368","0.013535684453611014","5510","Textiles"
"Yarn of synthetic staple fibers, for retail sale","30723070","0.001780499934673564","5511","Textiles"
"Woven fabrics of > 85% synthetic staple fibers","683611392","0.03961746136691757","5512","Textiles"
"Woven fabrics of < 85% synthetic staple fibers weighing < 170 g/m2","1656026752","0.09597203416695255","5513","Textiles"
"Woven fabrics of < 85% synthetic staple fibers weighing > 170 g/m2","640690624","0.037130065913919576","5514","Textiles"
"Other woven fabrics of synthetic staple fibers","1084438144","0.06284665056420212","5515","Textiles"
"Woven fabrics of artificial staple fibers","926985472","0.05372176583718173","5516","Textiles"
"Wadding of textile materials","308188608","0.01786051317173501","5601","Textiles"
"Felt","86887048","0.005035381662313657","5602","Textiles"
"Nonwoven textiles","1044427840","0.06052792578642863","5603","Textiles"
"Rubber textiles","70549896","0.004088591576923359","5604","Textiles"
"Metallised yarn","45078256","0.0026124287665001645","5605","Textiles"
"Gimp yarn","87240664","0.005055874837797081","5606","Textiles"
"Twine and ropes of baste fibers","352198688","0.020411037730803435","5607","Textiles"
"Nets","396088544","0.02295459492547285","5608","Textiles"
"Articles of yarn, rope etc not elsewhere clasified","138928272","0.008051336641172616","5609","Textiles"
"Carpets, knotted","118192640","0.006849640605541572","5701","Textiles"
"Woven carpets and rugs","377325280","0.021867203908681142","5702","Textiles"
"Carpets, tufted","737538496","0.0427427091090584","5703","Textiles"
"Carpets of felt","24492376","0.0014194113370831877","5704","Textiles"
"Other carpets","638468288","0.03700127445190674","5705","Textiles"
"Woven pile fabrics","1196753280","0.0693556710595775","5801","Textiles"
"Terry cloth","39662552","0.002298571439800347","5802","Textiles"
"Gauze","26735196","0.001549389912254372","5803","Textiles"
"Lace and net fabrics","367511680","0.021298474476403945","5804","Textiles"
"Hand-woven tapestries","4179792","0.00024223228287241757","5805","Textiles"
"Narrow woven fabrics","624776064","0.03620776638329459","5806","Textiles"
"Labels and badges of textiles","192189072","0.01113796994053566","5807","Textiles"
"Braids in piece","199133552","0.01154042471430475","5808","Textiles"
"Woven fabric incorporating metal threads","9472182","0.0005489431698139577","5809","Textiles"
"Embroidery in the piece","964286016","0.055883451376917456","5810","Textiles"
"Quilted textile products","20327044","0.001178017057348327","5811","Textiles"
"Stiffened textiles","233818160","0.013550508416167168","5901","Textiles"
"Tire cord fabric","457399008","0.026507731937718236","5902","Textiles"
"Textile fabrics impregnated with plastics","3622623232","0.2099425750070854","5903","Textiles"
"Linoleum","28020994","0.0016239060089531527","5904","Textiles"
"Textile wall coverings","14385976","0.0008337132105683273","5905","Textiles"
"Rubberized textile fabrics","94693168","0.005487771223319572","5906","Textiles"
"Other textile fabrics impregnated, coated or covered","238112992","0.01379940763409799","5907","Textiles"
"Textile wicks","5921200","0.0003431524327871241","5908","Textiles"
"Textile hosepiping and similar tubing","79015032","0.004579173217853215","5909","Textiles"
"Transmission belts or belting, of textile material","56386020","0.003267749770010038","5910","Textiles"
"Textile articles for technical use","328122912","0.01901576969296687","5911","Textiles"
"Pile fabrics, knit","1588662144","0.09206804019293528","6001","Textiles"
"Other knitted fabrics","6575570432","0.38107528722284","6002","Textiles"
"Men's overcoats, knit","704423872","0.04082361098934772","6101","Textiles"
"Women's overcoats, knit","817140608","0.047355905486109184","6102","Textiles"
"Men's suits, knit","5975749632","0.3463137580131665","6103","Textiles"
"Women's suits, knit","13189038080","0.7643468390316186","6104","Textiles"
"Men's shirts, knit","1796497024","0.10411273462818826","6105","Textiles"
"Women's shirts, knit","840217856","0.04869330564034005","6106","Textiles"
"Men's undergarments, knit","1879433216","0.10891915157929617","6107","Textiles"
"Women's undergarments, knit","4373128192","0.2534367320770718","6108","Textiles"
"T-shirts, knit","6992700928","0.4052493304053199","6109","Textiles"
"Sweaters, pullovers, sweatshirts etc., knit","18642321408","1.0803820076934887","6110","Textiles"
"Babies' garments, knit","2577467648","0.14937247413384225","6111","Textiles"
"Activewear, knit","1433277056","0.08306297855576017","6112","Textiles"
"Garments knit with impregnated fibers","199905744","0.011585175704539626","6113","Textiles"
"Other garments, knit","1127071872","0.06531741113334089","6114","Textiles"
"Socks, stockings, etc., knit","4223694848","0.2447765929949406","6115","Textiles"
"Gloves, knit","1431591168","0.08296527596699325","6116","Textiles"
"Other clothing accesories, knit","1136626560","0.06587113578910696","6117","Textiles"
"Men's overcoats, not knit","4566722560","0.2646561434046888","6201","Textiles"
"Womens overcoats, not knit","5976702464","0.34636897766776986","6202","Textiles"
"Men's suits and pants","9504142336","0.550795373261079","6203","Textiles"
"Women's suits and pants","15728774144","0.9115326474824048","6204","Textiles"
"Men's shirts","3475867136","0.20143759098885586","6205","Textiles"
"Women's shirts","2696460032","0.15626846245592893","6206","Textiles"
"Men's undergarments","544501888","0.03155562175308758","6207","Textiles"
"Women's undergarments","859162688","0.04979121910206122","6208","Textiles"
"Babies' garments","888590080","0.05149663036251186","6209","Textiles"
"Garments made of textile felts and nonwoven fabric","3819822336","0.22137089228754228","6210","Textiles"
"Activewear","3144445184","0.18223063140163412","6211","Textiles"
"Brassieres","3230593280","0.18722318843777186","6212","Textiles"
"Handkerchiefs","122726216","0.007112375800033452","6213","Textiles"
"Shawls, scarves, etc.","1269002240","0.07354272881650846","6214","Textiles"
"Ties, bow ties and cravats","385716864","0.022353522976528453","6215","Textiles"
"Gloves","416938176","0.02416289762484397","6216","Textiles"
"Other clothing accesories","348283200","0.020184122708046426","6217","Textiles"
"Blankets","2293442048","0.13291228437267516","6301","Textiles"
"House linen","6709777408","0.3888530096965621","6302","Textiles"
"Curtains","1854960640","0.10750088771538889","6303","Textiles"
"Other furnishing articles","1381703168","0.0800741071892313","6304","Textiles"
"Bags for packing goods","1322358016","0.07663486627811165","6305","Textiles"
"Tents, tarpaulins, etc.","1562436224","0.09054816444982909","6306","Textiles"
"Other made up articles","3775600640","0.2188081039060702","6307","Textiles"
"Needlecraft sets of woven fabric and yarn","12547926","0.0007271923483977584","6308","Textiles"
"Used clothes and textiles","15463276","0.0008961461829120362","6309","Textiles"
"Used or new rags textile scraps","12933192","0.000749519742366914","6310","Textiles"
"Waterproof footwear","498009152","0.028861219357402663","6401","Textiles"
"Other footwear of rubber or plastics","15544386560","0.9008467986636957","6402","Textiles"
"Leather footwear","11847107584","0.6865776850875478","6403","Textiles"
"Textile footwear","5282000384","0.3061087755441673","6404","Textiles"
"Other footwear","3637965056","0.21083168265908026","6405","Textiles"
"Parts of footwear","2015220608","0.1167884642028554","6406","Textiles"
"Hat forms","5874919","0.0003404703011682257","6501","Textiles"
"Hat shapes","13275355","0.0007693491799572235","6502","Textiles"
"Felt hats","63754","0.000003694747720041598","6503","Textiles"
"Hats","135000880","0.007823731743633487","6504","Textiles"
"Hats, knit","2001081600","0.11596906357588847","6505","Textiles"
"Other headgear","784747328","0.04547861155279254","6506","Textiles"
"Headbands","61074140","0.0035394412824058313","6507","Textiles"
"Umbrellas","2132277888","0.12357230707380107","6601","Textiles"
"Walking sticks","57789688","0.003349096809296911","6602","Textiles"
"Parts of umbrellas or walking sticks","200947184","0.011645530475464747","6603","Textiles"
"Feathers or down","54407700","0.0031530998137796412","6701","Textiles"
"Artificial flowers","1238603136","0.071781003745214","6702","Textiles"
"Human animal hair prepared for use in wigs","91303408","0.005291323815604163","6703","Textiles"
"Wigs","1561796096","0.09051106698977113","6704","Textiles"
"Flagstones, of natural stone","122172856","0.007080306822426365","6801","Stone"
"Worked building stone","3739499008","0.21671589914210587","6802","Stone"
"Worked slate","117428072","0.00680533145043261","6803","Stone"
"Grindstones","325765504","0.018879150377579475","6804","Stone"
"Natural or artificial abrasive powder","200549776","0.011622499413854083","6805","Stone"
"Mineral wools and insulating materials","217534400","0.012606812567534853","6806","Stone"
"Asphalt","23745206","0.0013761104515860663","6807","Stone"
"Panels of vegetable fibers","67768256","0.0039273866635379006","6808","Stone"
"Plaster articles","152296096","0.0088260446947209","6809","Stone"
"Articles of cement, of concrete or of artificial stone","642368832","0.03722732342218189","6810","Stone"
"Asbestos-cement or cellulose fiber-cement","60611868","0.003512651145033445","6811","Stone"
"Asbestos fibres","30610038","0.0017739493696220892","6812","Stone"
"Friction material and articles thereof","36942008","0.002140907234554043","6813","Stone"
"Mica articles","30585866","0.0017725485250964306","6814","Stone"
"Articles of stone or of other mineral substances","311363008","0.018044479780300746","6815","Stone"
"Bricks, blocks, and other ceramic goods","18198352","0.0010546525639256274","6901","Stone"
"Bricks, tiles and similar refractory ceramic constructional goods","1121754752","0.06500926706399329","6902","Stone"
"Other refractory ceramic goods","200037456","0.011592808835193423","6903","Stone"
"Ceramic building bricks","177326672","0.010276646439040128","6904","Stone"
"Architectural ceramic ornaments","14620795","0.0008473217208558772","6905","Stone"
"Ceramic pipes","4299847","0.0002491898531821957","6906","Stone"
"Unglazed ceramic flags and pavers","1747109120","0.10125054800928385","6907","Stone"
"Glazed ceramic flags and pavers","2021115264","0.11713007832614851","6908","Stone"
"Ceramic wares for technical ware","380813536","0.022069359473867976","6909","Stone"
"Ceramic sinks, washbasins, and similar sanitary fixtures","924149568","0.053557416151856004","6910","Stone"
"Porcelain or china household articles","2004792960","0.11618414872973377","6911","Stone"
"Ceramic household articles","765035008","0.044336219712645564","6912","Stone"
"Ornamental ceramic articles","1277461376","0.0740329627382941","6913","Stone"
"Other ceramic articles","417352800","0.024186926408585767","6914","Stone"
"Cullet and other scraps of glass","29059608","0.001684097004161348","7001","Stone"
"Glass balls","117280568","0.006796783122991241","7002","Stone"
"Glass, cast or rolled","103061744","0.005972756904155203","7003","Stone"
"Drawn and blown glass","51450512","0.0029817213336727558","7004","Stone"
"Float glass","529984736","0.03071430647477567","7005","Stone"
"Worked glass","282089408","0.016347981256954608","7006","Stone"
"Safety glass","1281302016","0.07425554008063343","7007","Stone"
"Multiple-walled insulating glass","105313776","0.006103269344119138","7008","Stone"
"Glass mirrors","1017964800","0.05899430818274306","7009","Stone"
"Glass containers for conveyance","686686016","0.03979564563792779","7010","Stone"
"Glass envelopes","83410936","0.004833929880674713","7011","Stone"
"Glass inners for vacuum flasks","274007","0.000015879579924795903","7012","Stone"
"Glassware for interior decorative use","2557180672","0.148196779144939","7013","Stone"
"Signaling glassware","109925840","0.006370553168642869","7014","Stone"
"Clock or watch glasses and similar glasses","23238288","0.001346732936061581","7015","Stone"
"Glass paving blocks or other molded products","428882816","0.024855127624635633","7016","Stone"
"Laboratory, hygienic or pharmaceutical glassware","65836076","0.003815410667526514","7017","Stone"
"Glass beads","528938848","0.030653693928058307","7018","Stone"
"Glass fibers","1695810688","0.0982776401968531","7019","Stone"
"Other articles of glass","478974976","0.027758128125811386","7020","Stone"
"Pearls","264099152","0.01530538852020139","7101","Stone"
"Diamonds","1880009472","0.10895254745315758","7102","Stone"
"Precious stones","66715288","0.0038663638082303635","7103","Stone"
"Synthetic precious stones","93275792","0.00540562976169455","7104","Stone"
"Diamond dust","125706008","0.007285064254062975","7105","Stone"
"Silver","1460046848","0.08461437341660008","7106","Stone"
"Silver clad metals","2331031","0.00013509068407623498","7107","Stone"
"Gold","321012192","0.018603680780775414","7108","Stone"
"Gold clad metals","191996","0.000011126780802100364","7109","Stone"
"Platinum","146647248","0.00849867592932796","7110","Stone"
"Platinum clad metals","600687","0.00003481172826345998","7111","Stone"
"Scrap of precious metal","141965008","0.008227325181693498","7112","Stone"
"Jewelry of precious metal","4498714112","0.26071483684836966","7113","Stone"
"Goldsmith and silversmith wares","2114737280","0.12255577287334082","7114","Stone"
"Other articles of precious metals","438415456","0.025407574528453075","7115","Stone"
"Articles of precious stones","279728224","0.016211143110319123","7116","Stone"
"Imitation jewelry","2208128512","0.12796809275137006","7117","Stone"
"Coin","6967843","0.000403808734163469","7118","Stone"
"Pig iron","279560128","0.01620140141077481","7201","Metals"
"Ferroalloys","2319014144","0.13439426892882358","7202","Metals"
"Ferrous products from the reduction of iron ore","90038552","0.005218021374625072","7203","Metals"
"Ferrous waste and scrap","198251568","0.011489310927356272","7204","Metals"
"Powders of iron or steel","73610352","0.004265954767127701","7205","Metals"
"Iron and nonalloy steel","23635618","0.0013697594773233704","7206","Metals"
"Semifinished products of iron or nonalloy steel","148986192","0.008634225197002224","7207","Metals"
"Flat-rolled iron, width > 600mm, hot-rolled, not clad","6266536448","0.3631657818145618","7208","Metals"
"Flat-rolled iron, width > 600mm, cold-rolled, not clad","1670909312","0.09683452600477264","7209","Metals"
"Flat rolled iron, width > 600mm, clad","6181463040","0.35823550637703366","7210","Metals"
"Flat-rolled iron, width < 600mm, not clad","359562944","0.020837819863152817","7211","Metals"
"Flat-rolled iron, width < 600mm, clad","275651968","0.01597491106899927","7212","Metals"
"Hot rolled bars of iron","317359392","0.018391989365777642","7213","Metals"
"Other bars of iron, not further worked than forged","642720512","0.037247704400288115","7214","Metals"
"Other bars and rods of iron or nonalloy steel","41868444","0.002426409919545273","7215","Metals"
"Angles of iron or nonalloy steel","1026197568","0.05947142335665578","7216","Metals"
"Wire of iron or nonalloy steel","1005853120","0.058292397681976464","7217","Metals"
"Stainless steel in ingots","8930258","0.0005175369448957437","7218","Metals"
"Flat-rolled products of stainless steel of a width > 600 mm","2264384000","0.13122827777549131","7219","Metals"
"Flat-rolled products of stainless steel of a width < 600 mm","275900704","0.015989326113841823","7220","Metals"
"Bars of stainless steel, hot-rolled","140665136","0.008151993451788771","7221","Metals"
"Other bars and rods of stainless steel","174547232","0.010115569022674215","7222","Metals"
"Wire of stainless steel","194028800","0.011244588048160229","7223","Metals"
"Other alloy steel in primary form","84842704","0.004916905404620324","7224","Metals"
"Flat-rolled products of other alloy steel, width > 600 mm","1739781888","0.10082591153586704","7225","Metals"
"Flat-rolled products of other alloy steel, width < 600 mm","88818992","0.005147343981372038","7226","Metals"
"Bars of other alloy steel","1258570752","0.07293819080313454","7227","Metals"
"Other bars and rods of other alloy steel","1962722560","0.11374603481560701","7228","Metals"
"Wire of other alloy steel","385527456","0.022342546178583892","7229","Metals"
"Sheet piling of iron or steel","111770520","0.006477458260467795","7301","Metals"
"Railway construction material of iron or steel","386651232","0.022407672583418685","7302","Metals"
"Tubes of cast iron","573776064","0.03325215365747156","7303","Metals"
"Tubes, seamless, of iron or steel","4568149504","0.2647388393624424","7304","Metals"
"Other tubes and pipes, diameter > 406.4 mm, of iron or steel","809827392","0.04693208128461326","7305","Metals"
"Other tubes, pipes and hollow profiles of iron or steel","1647609088","0.09548420367989172","7306","Metals"
"Tube or pipe fittings of iron or steel","2497690880","0.14474915588431617","7307","Metals"
"Structures and their parts, of iron or steel","7392452608","0.4284162157499697","7308","Metals"
"Tanks etc. > 300 liters, iron or steel","166929488","0.009674096451920057","7309","Metals"
"Tanks etc. < 300 liters, iron or steel","423292576","0.024531155379843378","7310","Metals"
"Containers for compressed or liquified gas","387705024","0.02246874319215536","7311","Metals"
"Wire of iron or steel, not insulated","1019666304","0.05909291576853598","7312","Metals"
"Barbed wire of iron or steel","40859564","0.002367942104509423","7313","Metals"
"Cloth of iron or steel wire","717966400","0.04160844369712448","7314","Metals"
"Chain of iron or steel","981785920","0.056897626650703366","7315","Metals"
"Anchors of iron or steel","81831664","0.004742406029287732","7316","Metals"
"Nails and similar articles of iron or steel","855236864","0.0495637050751251","7317","Metals"
"Screws and similar articles of iron or steel","3418588416","0.19811810640550578","7318","Metals"
"Articles for sewing of iron or steel","74490312","0.004316951256818196","7319","Metals"
"Springs of iron or steel","232637904","0.013482108815121501","7320","Metals"
"Stoves and similar non-electric appliances of iron or steel","2426143744","0.14060277106749672","7321","Metals"
"Radiators for central heating of iron or steel","168295328","0.009753251237909039","7322","Metals"
"Household articles of iron or steel","4060131072","0.23529755029240593","7323","Metals"
"Sanitary ware and parts of iron or steel","746259136","0.043248098022025484","7324","Metals"
"Other cast articles of iron or steel","766519552","0.04442225377418369","7325","Metals"
"Other articles of iron or steel","4645405184","0.269216052518327","7326","Metals"
"Copper mattes","638465","0.00003700108390181571","7401","Metals"
"Unrefined copper","4511593","0.0002614612095006687","7402","Metals"
"Refined copper and copper alloys","310383168","0.017987694925922896","7403","Metals"
"Copper waste and scrap","83592304","0.004844440734966028","7404","Metals"
"Master alloys of copper","2153921","0.00012482659447093073","7405","Metals"
"Copper powders and flakes","49436336","0.0028649934078365333","7406","Metals"
"Copper bars, rods and profiles","82495184","0.004780859130382597","7407","Metals"
"Copper wire","137144384","0.007947954639716872","7408","Metals"
"Copper plates, sheets and strip > 0.15 mm","317264768","0.018386505603060616","7409","Metals"
"Copper foil < 0.15 mm thick","1206394240","0.06991439545301183","7410","Metals"
"Copper tubes and pipes","1326121216","0.07685295572536298","7411","Metals"
"Copper tube or pipe fittings","723835968","0.04194860389076926","7412","Metals"
"Copper wire, uninsulated","24391334","0.0014135556307882347","7413","Metals"
"Endless bands of copper wire for machinery","42843","0.000002482888549263453","7414","Metals"
"Screws and similar articles of copper","108979816","0.00631572805936181","7415","Metals"
"Copper cooking products","39559","0.0000022925702709967306","7417","Metals"
"Household articles of copper","242501296","0.01405372385267015","7418","Metals"
"Other articles of copper","276778816","0.016040215506035904","7419","Metals"
"Nickel mattes","2056933","0.00011920583041108517","7501","Metals"
"Nickel unwrought","1037719168","0.0601391368386527","7502","Metals"
"Nickel waste and scrap","3959535","0.00022946768694787634","7503","Metals"
"Nickel powders","29170390","0.0016905171745337426","7504","Metals"
"Nickel bars, wire etc.","37534096","0.002175220623330653","7505","Metals"
"Nickel plates","19229878","0.001114432786918124","7506","Metals"
"Nickel tubes and pipes","8682968","0.0005032057003669441","7507","Metals"
"Other articles of nickel","56370868","0.0032668716632645147","7508","Metals"
"Unwrought aluminum","1514110080","0.08774751021068485","7601","Metals"
"Waste or scrap, aluminium","22135462","0.0012828206505720021","7602","Metals"
"Aluminum powders","34217120","0.001982991280647328","7603","Metals"
"Aluminum bars","1941571200","0.11252024601591162","7604","Metals"
"Aluminum wire","59036212","0.003421336852384045","7605","Metals"
"Aluminum plates > 0.2 mm","2528331008","0.14652484906544647","7606","Metals"
"Aluminum foil < 0.2 mm","1831883136","0.10616347272514119","7607","Metals"
"Aluminum tubes and pipes","254968048","0.014776211908765829","7608","Metals"
"Aluminum tube or pipe fittings","81822960","0.004741901604715859","7609","Metals"
"Aluminum structures (bridges, towers etc)","1390511744","0.080584592273976","7610","Metals"
"Aluminum containers, >300 liters","4608635","0.00026708510303281223","7611","Metals"
"Aluminum containers, <300 liters","131672624","0.007630848688959039","7612","Metals"
"Aluminum containers for compressed or liquefied gas","35685912","0.0020681124635255057","7613","Metals"
"Aluminum wire, not insulated","219174624","0.012701868781801526","7614","Metals"
"Household articles of aluminum","1554537728","0.09009042140487883","7615","Metals"
"Other articles of aluminum","1802198656","0.10444316239479927","7616","Metals"
"Lead refined unwrought","72877768","0.0042234991868701655","7801","Metals"
"Lead waste or scrap","1054722","0.00006112450520402977","7802","Metals"
"Lead bars, rods, profiles and wire","113769","0.000006593276553022752","7803","Metals"
"Lead foil <2mm","101160696","0.0058625851068767635","7804","Metals"
"Lead tubes, pipes and fittings","93591","0.000005423897071029476","7805","Metals"
"Other articles of lead","12841404","0.0007442003348987209","7806","Metals"
"Unwrought zinc","123800400","0.007174628190234931","7901","Metals"
"Zinc waste and scrap","650822","0.000037717211479325423","7902","Metals"
"Zinc powders","11043237","0.0006399908198329361","7903","Metals"
"Zinx bars and wire","10301841","0.0005970245560589305","7904","Metals"
"Zinc plates and foil","6307937","0.000365565075899803","7905","Metals"
"Zinc tubes, pipes and tube or pipe fittings","165857","0.000009611942350330007","7906","Metals"
"Other articles of zinc","213971360","0.01240032303093453","7907","Metals"
"Unwrought tin","89552352","0.005189844533305559","8001","Metals"
"Tin waste and scrap","2830819","0.00016405499335101227","8002","Metals"
"Tin bars and wire","26615198","0.001542435645276464","8003","Metals"
"Tin plates, sheets and strips, thickness > 0.2 mm","63389","0.0000036735948054352174","8004","Metals"
"Tin pipes or tubes and pipe fittings","52449","0.000003039586899150826","8006","Metals"
"Other articles of tin","137917712","0.007992771464776385","8007","Metals"
"Tungsten (wolfram)","182129840","0.01055500535011985","8101","Metals"
"Molybdenum","254621232","0.014756112814979183","8102","Metals"
"Tantalum","279580000","0.016202553056580447","8103","Metals"
"Magnesium","988441856","0.05728335937901442","8104","Metals"
"Cobalt","158337056","0.009176137601626545","8105","Metals"
"Bismuth","120536904","0.006985498184190372","8106","Metals"
"Cadmium","1999196","0.0001158597870395","8107","Metals"
"Titanium","199481248","0.011560574806899215","8108","Metals"
"Zirconium","5713052","0.00033108959204879835","8109","Metals"
"Antimony","208706400","0.012095201800013956","8110","Metals"
"Manganese","682788352","0.03956976357284186","8111","Metals"
"Other metals","260154112","0.015076760864752745","8112","Metals"
"Cermets","20073068","0.0011632983377864912","8113","Metals"
"Handtools for gardening","486861568","0.028215181295979504","8201","Metals"
"Handsaws","592936640","0.03436257017236762","8202","Metals"
"Pliers, pincers and other metal handtools","444960224","0.025786864716460123","8203","Metals"
"Wrenches","545372160","0.03160605679226655","8204","Metals"
"Hand tools n.e.c.","1470447232","0.08521710885393038","8205","Metals"
"Retail tool sets","298376896","0.017291893155081863","8206","Metals"
"Interchangeable tools for hand tools","1406938240","0.08153656012923642","8207","Metals"
"Knives and blades for machines","244281872","0.014156913913158289","8208","Metals"
"Articles for utensils, of cermet","191252144","0.011083671973477231","8209","Metals"
"Hand-operated appliances, food preparation, <10kg","183102784","0.01061139055929462","8210","Metals"
"Knife sets","773368512","0.04481917285917689","8211","Metals"
"Razors","387810336","0.022474846358574614","8212","Metals"
"Scissors","304208896","0.01762987616325833","8213","Metals"
"Other cutlery","367832800","0.021317084405002306","8214","Metals"
"Cutlery","1367165696","0.07923161430208432","8215","Metals"
"Padlocks and locks","2419698688","0.140229259508041","8301","Metals"
"Base metal mountings, fittings and similar articles","4725506560","0.27385818283718066","8302","Metals"
"Safes","282215040","0.016355262032208936","8303","Metals"
"Paper trays and similar office equipment, of base metal","88654744","0.005137825285705549","8304","Metals"
"Paper clips and similar office articles, of metal","350609824","0.020318957992411235","8305","Metals"
"Ornaments, statuettes, etc. of metal","990072832","0.05737787964217348","8306","Metals"
"Flexible tubing of base metal","141975296","0.008227921404119444","8307","Metals"
"Clasps, buckles etc. of metal","508623520","0.02947635585029225","8308","Metals"
"Stoppers, caps and lids of metal","212786704","0.012331668435849772","8309","Metals"
"Sign plates and similar plates of base metal","91376736","0.005295573407171989","8310","Metals"
"Wire etc. used for welding","357049728","0.020692170977028464","8311","Metals"
"Nuclear reactors and related equipment","107857856","0.006250706897521332","8401","Machinery"
"Steam boilers","1746100864","0.101192116357039","8402","Machinery"
"Central heating boilers","73119032","0.004237481205471792","8403","Machinery"
"Auxiliary parts for use with boilers","673867968","0.03905279885775111","8404","Machinery"
"Water gas generators","57508132","0.0033327797407355034","8405","Machinery"
"Steam turbines","1181233408","0.06845624495788448","8406","Machinery"
"Spark-ignition reciprocating internal combustion piston engines","1480006144","0.08577107830397397","8407","Machinery"
"Compression-ignition internal combustion piston engines","852248128","0.04939049828775794","8408","Machinery"
"Parts suitable for use with spark-ignition engines","2526357760","0.14641049304779932","8409","Machinery"
"Hydraulic turbines, water wheels and regulators","427465472","0.024772988017512716","8410","Machinery"
"Gas turbines","1570522112","0.09101676745909143","8411","Machinery"
"Other engines and motors","853944704","0.04948882028022708","8412","Machinery"
"Pumps for liquids","4147666688","0.2403705185397071","8413","Machinery"
"Pumps, compressors, fans, etc.","7891763200","0.4573528577078801","8414","Machinery"
"Air conditioners","9741529088","0.5645526929699612","8415","Machinery"
"Furnace burners","207466992","0.01202337415183186","8416","Machinery"
"Industrial furnaces","543033152","0.03147050381558808","8417","Machinery"
"Refrigerators, freezers","5500490240","0.318770959835478","8418","Machinery"
"Equipment for temperature change of materials","2344438016","0.1358676634312333","8419","Machinery"
"Calendering or other rolling machines, other than for metals or glass","65780456","0.0038121873110596454","8420","Machinery"
"Centrifuges","3143131648","0.18215450779933165","8421","Machinery"
"Dish washing machines","1095452800","0.06348498502389159","8422","Machinery"
"Weighing machinery","887472320","0.05143185260407233","8423","Machinery"
"Sprays and powder dispersers","2265220608","0.1312767618784585","8424","Machinery"
"Pulleys and winches","1248311296","0.07234362259306353","8425","Machinery"
"Ships' derricks; cranes","2723058688","0.15780993943952482","8426","Machinery"
"Fork-lift trucks","725377280","0.04203792783903717","8427","Machinery"
"Other lifting machinery","2233256704","0.12942435165435287","8428","Machinery"
"Self-propelled bulldozers, excavators and road rollers","2179019776","0.12628114862285586","8429","Machinery"
"Other moving, excavating or boring machinery","1643529344","0.0952477694978427","8430","Machinery"
"Parts for use with hoists and excavation machinery","4379953152","0.25383226028548816","8431","Machinery"
"Machinery for soil preparation or cultivation","371547616","0.02153236984507468","8432","Machinery"
"Harvesting or agricultural machinery","1086851072","0.0629864874407373","8433","Machinery"
"Dairy machinery","39832312","0.0023084095734539887","8434","Machinery"
"Machines for wine and juice production","13112334","0.0007599015928557256","8435","Machinery"
"Other agricultural machinery","311191104","0.01803451739500624","8436","Machinery"
"Machinery for processing grain","184296720","0.010680582959989094","8437","Machinery"
"Machinery for the industrial preparation of food or drink","394993856","0.022891154263049208","8438","Machinery"
"Machinery for making paper","204664400","0.011860955003194805","8439","Machinery"
"Bookbinding machinery","32174656","0.0018646239749525162","8440","Machinery"
"Other machinery for making paper","437804352","0.025372159101802072","8441","Machinery"
"Machinery for making printing components","134589696","0.007799902318867707","8442","Machinery"
"Printers and copiers","25696940032","1.4892196661429504","8443","Machinery"
"Machines to extrude, cut manmade textile fibres","135282416","0.007840047653131081","8444","Machinery"
"Machines for preparing textile fibers","227038288","0.01315759320121322","8445","Machinery"
"Looms","111176032","0.0064430057840334995","8446","Machinery"
"Knitting machines","470555968","0.02727021974966225","8447","Machinery"
"Auxiliary machinery for use with knitting and textile machines","446395616","0.02587005026276884","8448","Machinery"
"Machinery to manufacture felt","39845544","0.002309176410073363","8449","Machinery"
"Household- or laundry-type washing machines","2641872384","0.15310493408138878","8450","Machinery"
"Machinery for processing fabrics","353604736","0.02049252269868418","8451","Machinery"
"Sewing machines","1315236096","0.07622212829018433","8452","Machinery"
"Machinery for preparing leather","128934624","0.007472172852815834","8453","Machinery"
"Machines used in metallurgy","530911360","0.030768007292157104","8454","Machinery"
"Metal-rolling mills","813042816","0.047118425364874365","8455","Machinery"
"Machines for working materials by laser and similar means","234745584","0.01360425559610116","8456","Machinery"
"Machining centers for working metal","72386784","0.004195045097486332","8457","Machinery"
"Lathes for removing metal","362841824","0.021027841421083143","8458","Machinery"
"Machine tools for drilling by removing metal","248476992","0.01440003450253779","8459","Machinery"
"Machines with grinding stones for finishing metal","190470384","0.011038366487113713","8460","Machinery"
"Other machine tools for planing and cutting metals","175330928","0.010160986706414932","8461","Machinery"
"Machine tools for molding and forging metals","463197152","0.026843752882670286","8462","Machinery"
"Other machine tools for working metal, without removal","129006304","0.007476326937525384","8463","Machinery"
"Machine tools for working stone","287990816","0.01668998668019135","8464","Machinery"
"Machine tools for working wood","721134400","0.04179203940526972","8465","Machinery"
"Parts and accessories for metal working machines","792715264","0.04594037886730516","8466","Machinery"
"Tools for hand working, pneumatic, hydraulic motors","1329106816","0.0770259807715241","8467","Machinery"
"Machinery for soldering","167851616","0.00972753671175609","8468","Machinery"
"Word processing machines","18174164","0.0010532507921489176","8469","Machinery"
"Cash registers, calculators, etc.","1387543552","0.08041257607695862","8470","Machinery"
"Computers","142584905728","8.263250232940273","8471","Machinery"
"Other office machines","1399229440","0.08108981057274967","8472","Machinery"
"Parts and accessories for office machines","33893296128","1.9642246540393187","8473","Machinery"
"Machinery for working minerals","1890961920","0.10958727676075983","8474","Machinery"
"Machines for assembling electric lamps","168313216","0.009754287904584323","8475","Machinery"
"Automatic goods-vending machines","180445392","0.010457386213947555","8476","Machinery"
"Machinery for working rubber or plastics","1964789376","0.11386581339740179","8477","Machinery"
"Machinery for preparing tobacco","21249970","0.0012315035638305416","8478","Machinery"
"Machines n.e.c.","3414357760","0.1978729263915415","8479","Machinery"
"Molding boxes for metal foundry","1992980736","0.11549959265964216","8480","Machinery"
"Appliances for thermostatically controlled valves","9385977856","0.5439473646173875","8481","Machinery"
"Ball or roller bearings","2986293760","0.17306525176670406","8482","Machinery"
"Transmission shafts","3328779264","0.19291337949282789","8483","Machinery"
"Gaskets and similar joints of metal sheeting","271537824","0.015736483297190084","8484","Machinery"
"Machinery parts, not containing electrical features, n.e.c.","711426624","0.041229442811445416","8485","Machinery"
"Electric motors and generators","7228581888","0.41891938466326806","8501","Electronics"
"Electric generating sets and rotary converters","2732214272","0.15834053474506876","8502","Electronics"
"Parts for use with electric generators","2178371840","0.12624359866428492","8503","Electronics"
"Electrical transformers","21021775872","1.218278986013387","8504","Electronics"
"Electromagnets","1659957376","0.09619982636920403","8505","Electronics"
"Primary cells and primary batteries","1815727872","0.10522722362970138","8506","Electronics"
"Batteries","6702729728","0.3884445741535126","8507","Electronics"
"Vacuum cleaners","4745156608","0.27499696581623617","8508","Electronics"
"Electromechanical domestic appliances","5823522304","0.33749169864346384","8509","Electronics"
"Electric shavers and hair clippers","944751680","0.05475137427746447","8510","Electronics"
"Electrical ignition equipment","1111445760","0.06441182808466765","8511","Electronics"
"Electrical lighting equipment used for motor vehicles","1752744192","0.10157711841152167","8512","Electronics"
"Portable electric lamps","2063651072","0.11959516411885372","8513","Electronics"
"Industrial electric furnaces","319181280","0.018497573588480077","8514","Electronics"
"Electric soldering machines","806622144","0.046746326936020724","8515","Electronics"
"Electric heaters","13809354752","0.8002961694199204","8516","Electronics"
"Telephones","61283094528","3.5515508640151476","8517","Electronics"
"Microphones","9557212160","0.5538709388918944","8518","Electronics"
"Sound reproducing apparatus","2031730048","0.11774523892756543","8519","Electronics"
"Magnetic tape recorders","9432201","0.0005466261432964846","8520","Electronics"
"Video recording apparatus","8144675840","0.4720099521648506","8521","Electronics"
"Parts and accessories for video or sound equipment","3634529536","0.21063258331335835","8522","Electronics"
"Sound storage media","5051509760","0.2927511084563773","8523","Electronics"
"Tapes, cassettes, records and compact disks","739758016","0.042871337374886215","8524","Electronics"
"Transmission apparatus for radio, telephone and TV","66024595456","3.8263359715111966","8525","Electronics"
"Radar","2254571264","0.1306595984147709","8526","Electronics"
"Reception apparatus for radio broadcasting","4705089024","0.2726749214796993","8527","Electronics"
"Monitors and projectors","22806468608","1.321707624488005","8528","Electronics"
"Parts of radios, telephones, and T.V.s","12769342464","0.7400241389606041","8529","Electronics"
"Electric signal and traffic controls","92927264","0.005385431452045419","8530","Electronics"
"Electric sound or visual signaling apparatus","2720934144","0.15768681533593715","8531","Electronics"
"Electrical capacitors","3158676224","0.1830553655766478","8532","Electronics"
"Electrical resistors","1278000640","0.07406421480772504","8533","Electronics"
"Electronic printed circuits","11528587264","0.6681184162399944","8534","Electronics"
"Electrical apparatus for > 1k volts","378831904","0.021954517576669972","8535","Electronics"
"Electrical apparatus for < 1k volts","9169479680","0.5314006045369352","8536","Electronics"
"Electrical boards","3239644928","0.18774776032048698","8537","Electronics"
"Parts for electrical apparatus","2539485952","0.1471713136623532","8538","Electronics"
"Electrical filament","5532960256","0.3206527008648363","8539","Electronics"
"Thermionic, cold cathode or photocathode tubes","527159520","0.030550576193152164","8540","Electronics"
"Semiconductor devices","30303195136","1.7561668466090228","8541","Electronics"
"Electronic integrated circuits","31153836032","1.805464200674182","8542","Electronics"
"Electrical machines with individual functions n.e.c.","7528146432","0.4362801058093812","8543","Electronics"
"Insulated electrical wire","13106236416","0.7595482184073495","8544","Electronics"
"Carbon articles for eletrical purposes","1292264704","0.07489086282890847","8545","Electronics"
"Electrical insulators of any material","339099808","0.019651915840175418","8546","Electronics"
"Insulating fittings for electrical machines","356193696","0.020642561191285096","8547","Electronics"
"Waste and scrap of batteries","934363008","0.054149317587903645","8548","Electronics"
"Electric trains","338544928","0.019619758773718465","8601","Vehicles"
"Other rail locomotives","146926048","0.008514833278895793","8602","Vehicles"
"Self-propelled railway coaches","489063360","0.028342782167642553","8603","Vehicles"
"Railway service vehicles","22670866","0.0013138490206868365","8604","Vehicles"
"Railway coaches, not self-propelled","35247224","0.002042689094202646","8605","Vehicles"
"Railway cars, not self-propelled","308114400","0.017856212581359367","8606","Vehicles"
"Parts of railway locomotives","422207808","0.024468289613071507","8607","Vehicles"
"Railway track fixtures","83116880","0.0048168883972295245","8608","Vehicles"
"Containers for multimodal transportation","4875344896","0.2825417924979208","8609","Vehicles"
"Tractors","1002897536","0.05812111215878747","8701","Vehicles"
"Buses","997294592","0.05779640367666053","8702","Vehicles"
"Cars","2481366016","0.1438030779277332","8703","Vehicles"
"Motor vehicles for transporting goods","2423096064","0.14042614828725677","8704","Vehicles"
"Special purpose motor vehicles","792834304","0.045947277615126375","8705","Vehicles"
"Vehicle chassis fitted with engines","87844176","0.005090850283824275","8706","Vehicles"
"Vehicle Bodies","104110416","0.0060335307925554835","8707","Vehicles"
"Parts of motor vehicles","15314903040","0.8875474964660748","8708","Vehicles"
"Work trucks","81862888","0.004744215559714224","8709","Vehicles"
"Tanks and other armored fighting vehicles","232996528","0.013502892220183962","8710","Vehicles"
"Motorcycles","4142625280","0.24007835286047444","8711","Vehicles"
"Bicycles","2551430656","0.1478635473711491","8712","Vehicles"
"Wheelchairs","411004256","0.02381900802747111","8713","Vehicles"
"Parts of motorcycles or wheelchairs","3475501568","0.2014164051568372","8714","Vehicles"
"Baby carriages","961831168","0.05574118510262802","8715","Vehicles"
"Trailers and semi-trailers","2058332672","0.119286945869422","8716","Vehicles"
"Gliders, hang gliders","2445392","0.00014171826891815357","8801","Vehicles"
"Other aircraft and spacecraft","407619232","0.023622835086066867","8802","Vehicles"
"Parts of other aircraft","880946304","0.05105364915429733","8803","Vehicles"
"Parachutes","7545691","0.00043729686950447666","8804","Vehicles"
"Aircraft launching gear","5539517","0.00032103268510025524","8805","Vehicles"
"Cargo ships and similar vessels","32789116928","1.9002339462920812","8901","Vehicles"
"Fishing vessels","106550024","0.006174913860218615","8902","Vehicles"
"Pleasure or sport boats","239740768","0.0138937424470468","8903","Vehicles"
"Tugs and pusher craft","1093407104","0.06336643041348443","8904","Vehicles"
"Special function vessels, n.e.c.","3283484928","0.1902884282008807","8905","Vehicles"
"Other vessels","1030770048","0.05973641316207875","8906","Vehicles"
"Other floating structures","69854424","0.0040482867554791704","8907","Vehicles"
"Floating structures for scrapping","37286428","0.0021608674724957677","8908","Vehicles"
"Optical fibers","2749308160","0.15933118009617844","9001","Machinery"
"Lenses and other optical elements","1808291968","0.10479628926714456","9002","Machinery"
"Frames for spectacles, goggles","1240416384","0.07188608725234877","9003","Machinery"
"Glasses","1972831488","0.11433187944778794","9004","Machinery"
"Binoculars and telescopes","272726592","0.015805376195795008","9005","Machinery"
"Photographic cameras","507327072","0.02940122255211249","9006","Machinery"
"Cinematographic cameras and projectors","66644476","0.0038622600268903443","9007","Machinery"
"Still image projectors","95244792","0.005519739594187599","9008","Machinery"
"Electrostatic photo-copyers","31243070","0.0018106355938388185","9009","Machinery"
"Apparatus and equipment for photographic laboratories, n.e.c.","105440792","0.006110630326589396","9010","Machinery"
"Optical microscopes","182942928","0.010602126394041695","9011","Machinery"
"Microscopes, other than optical","17955280","0.0010405657659552105","9012","Machinery"
"Liquid crystal devices","24605495296","1.4259669612163983","9013","Machinery"
"Navigational instruments","66728344","0.0038671204450881737","9014","Machinery"
"Surveying instruments","552983552","0.03204716124435336","9015","Machinery"
"Balances of a sensitivity < 50 milligram","24023738","0.0013922522696987905","9016","Machinery"
"Drafting tables and machines","539532480","0.03126762870358549","9017","Machinery"
"Medical instruments","3331469824","0.19306930602960418","9018","Machinery"
"Therapy applicances","1569613824","0.09096412927141471","9019","Machinery"
"Other breathing appliances and gas masks","55583456","0.0032212386254671464","9020","Machinery"
"Orthopedic appliances","847748160","0.04912971078409919","9021","Machinery"
"X-ray machines","1006190848","0.058311970097166016","9022","Machinery"
"Instruments designed for demonstrational purposes","311928192","0.018077233996434697","9023","Machinery"
"Machines for testing the mechanical properties of materials","60205848","0.003489120990544452","9024","Machinery"
"Thermometers, hydrometers etc.","589154816","0.034143401404892665","9025","Machinery"
"Instruments for measuring properties of liquids or gases","815320576","0.04725042882452869","9026","Machinery"
"Instruments for physical or chemical analysis","999942272","0.05794984518061949","9027","Machinery"
"Gas, liquid or electricity meters","765632832","0.04437086552092404","9028","Machinery"
"Meters","422045056","0.024458857615378304","9029","Machinery"
"Instruments for measuring electricity","1084931584","0.06287524698662232","9030","Machinery"
"Measuring instruments","1022133888","0.059235920134662196","9031","Machinery"
"Automatic regulating instruments","1964068480","0.11382403517403719","9032","Machinery"
"Other parts for machines and appliances","478037696","0.02770380975922983","9033","Machinery"
"Watches with precious metal","71973640","0.004171102084466775","9101","Machinery"
"Watches","2073351680","0.12015734530420705","9102","Machinery"
"Clocks with watch movements","38735504","0.002244846050266057","9103","Machinery"
"Instrument panel clocks for vehicles","10247353","0.0005938668026039375","9104","Machinery"
"Other clocks","885049280","0.05129142970487276","9105","Machinery"
"Apparatus for measuring intervals of time","92758968","0.005375678161862966","9106","Machinery"
"Time switches","87632000","0.005078554007633801","9107","Machinery"
"Watch movements, complete","151946752","0.008805799095268158","9108","Machinery"
"Clock movements, complete","28984510","0.0016797448354459782","9109","Machinery"
"Clock movements, complete, unassembled","53287940","0.003088206148958708","9110","Machinery"
"Watch cases and parts","193003760","0.011185183709562629","9111","Machinery"
"Clock cases","8620742","0.0004995995051222958","9112","Machinery"
"Watch straps","183266688","0.010620889319063508","9113","Machinery"
"Other clock or watch parts","154222112","0.008937663467264798","9114","Machinery"
"Pianos","90108192","0.005222057234825588","9201","Machinery"
"Musical instruments, string","314897216","0.018249298410506737","9202","Machinery"
"Harmoniums, pipe organs, etc","32987","0.0000019117019017004766","9203","Machinery"
"Accordions and similar instruments","98471","0.000005706708641657248","9204","Machinery"
"Musical instruments, wind","136957408","0.007937118783932096","9205","Machinery"
"Musical instruments, percussion","148900192","0.008629241222601815","9206","Machinery"
"Musical instruments, electric","592862080","0.03435824918246885","9207","Machinery"
"Other musical instruments, n.e.c.","62764096","0.0036373796247525167","9208","Machinery"
"Parts of musical instruments","217661072","0.012614153614107507","9209","Machinery"
"Military weapons, other than pistols and swords","61932880","0.0035892080053896206","9301","Machinery"
"Revolvers and pistols","4290637","0.00024865610429582646","9302","Machinery"
"Other firearms","28734532","0.0016652578127405704","9303","Machinery"
"Other arms (air guns, truncheons, etc.)","105045080","0.006087697553590163","9304","Machinery"
"Parts of military weapons","31539724","0.001827827639673452","9305","Machinery"
"Munitions of war","98487728","0.005707678082631318","9306","Machinery"
"Swords","9398545","0.0005446756707102042","9307","Machinery"
"Seats","15361537024","0.8902500846340401","9401","Textiles"
"Medical, dental or veterinary furniture","401947008","0.023294111606888067","9402","Textiles"
"Other furniture and parts","18370357248","1.0646208168647873","9403","Textiles"
"Mattresses and bedding","5527811584","0.3203543188945562","9404","Textiles"
"Lamps","10768640000","0.6240770475256259","9405","Textiles"
"Prefabricated buildings","1068345152","0.061914010329853726","9406","Textiles"
"Rideable wheeled toys, dolls carriages","25445566","0.00147465173892882","9501","Machinery"
"Dolls","18604864","0.0010782112313844465","9502","Machinery"
"Toys","15251513344","0.883873861325219","9503","Machinery"
"Games","12997816320","0.7532649279078877","9504","Machinery"
"Christmas and other festivity articles","2911998464","0.16875960230932388","9505","Machinery"
"Sports equipment","8318417920","0.48207886006012435","9506","Machinery"
"Fishing and hunting equipment","1003852864","0.058176476464554816","9507","Machinery"
"Fairground amusements","55215008","0.0031998858882592244","9508","Machinery"
"Worked animal carving material","12367198","0.0007167185841484928","9601","Machinery"
"Worked vegetable or mineral carving material","36983648","0.0021433204054148915","9602","Machinery"
"Brooms and mops","2430491392","0.1408547311411477","9603","Machinery"
"Hand sieves and riddles","10155176","0.0005885248513445611","9604","Machinery"
"Travel sets","111059240","0.0064362373149849834","9605","Machinery"
"Buttons","376630240","0.021826924123015335","9606","Machinery"
"Slide fasteners","570722048","0.03307516368581534","9607","Machinery"
"Pens","1452562944","0.08418065730088953","9608","Machinery"
"Pencils, crayons, pastels, etc.","424087840","0.02457724346609414","9609","Machinery"
"Slates and boards, with writing or drawing surfaces","243125472","0.014089896843430018","9610","Machinery"
"Hand-operated stamps","50444064","0.0029233944607966944","9611","Machinery"
"Typewriter ribbons and ink pads","175603728","0.01017679633683855","9612","Machinery"
"Cigarette lighters","678046080","0.03929493377926315","9613","Machinery"
"Smoking pipes","92597736","0.005366334253019634","9614","Machinery"
"Combs, hair-slides etc.","737412800","0.042735424624799866","9615","Machinery"
"Scent sprays","253664736","0.014700680819885088","9616","Machinery"
"Vacuum vessels","877618944","0.05086081802568175","9617","Machinery"
"Mannequins","167863840","0.009728245131559237","9618","Machinery"
"Paintings and drawings","136462944","0.007908463017444618","9701","Textiles"
"Original engravings","2647408","0.00015342574069109212","9702","Textiles"
"Sculptures","68070792","0.0039449195900402466","9703","Textiles"
"Postage or revenue stamps","2512258","0.00014559336696766108","9704","Textiles"
"Collectors pieces","19461098","0.0011278327236723359","9705","Textiles"
"Antiques >100 years","107011496","0.006201657635038438","9706","Textiles"
"Commodities not specified according to kind","5060397568","0.29326618528832776","9999","Other"
"Travel and tourism","45813997568","2.6550673378981604","travel","Services"
"Transport","34210514944","1.98260849657736","transport","Services"
"ICT","34449604608","1.9964645054701278","ict","Services"
"Insurance and finance","3058029312","0.1772225558919029","financial","Services"